[
{"action":{"type":"block"},"condition":{"initiatorDomains":["h-ciyuan.com"],"regexFilter":"secureserver.net\\/.*[-\\/]\\d+x\\d+\\.gif"},"id":1,"priority":10},
{"action":{"type":"block"},"condition":{"initiatorDomains":["meitui.org"],"regexFilter":"meitui.org\\/[a-z][a-z].js"},"id":2,"priority":10},
{"action":{"type":"block"},"condition":{"initiatorDomains":["meitui.org"],"regexFilter":"meitui.org\\/[a-z].js"},"id":3,"priority":10},
{"action":{"type":"block"},"condition":{"initiatorDomains":["higu.tv"],"regexFilter":"\\/upload\\/[a-z0-9]{7}\\/[0-9]+-[0-9]?\\/[a-z0-9]{32}\\.gif"},"id":4,"priority":10},
{"action":{"type":"block"},"condition":{"initiatorDomains":["dngz.net"],"regexFilter":"dngz.net\\/g\\d+.js"},"id":5,"priority":10},
{"action":{"type":"block"},"condition":{"initiatorDomains":["novipnoad.com"],"regexFilter":"\\/theme\\/js\\/[a-z0-9]{5,}\\.js\\?v="},"id":6,"priority":10},
{"action":{"type":"block"},"condition":{"domainType":"firstParty","initiatorDomains":["pcbeta.com"],"isUrlFilterCaseSensitive":true,"regexFilter":"pcbeta\\.com\\/data\\/cache\\/(?:common)?_[a-z]{14}\\.js\\?","resourceTypes":["script"]},"id":7,"priority":10},
{"action":{"type":"block"},"condition":{"domainType":"firstParty","initiatorDomains":["00ksw.com","0794.org","114zww.com","123du.vip","123wx.cc","126shu.org","12zw.net","13txt.net","147xiaoshuo.com","17k.com","1biqu.com","1kans.net","1pwx.com","23hh.com","23qb.com","23qb.net","23sk.net","23us.tw","23wxx.com","23xstxt.net","2kxs.info","33yq.org","360xs.com","3yt.com","477zw.com","4xiaoshuo.net","50zw.co","50zw.com","50zww.net","52xs.net","56shuku.info","59xs.com","6666xsw.com","67shu.net","69kshu.win","69zww.com","7017k.net","777zw.net","77xsw.cc","81book.com","91zww.com","93xscc.com","99mk.net","9tiefu.com","a6ksw.net","aidu123.com","aikushuge.com","aiwx.info","aixiashu.net","aixs.la","b520.cc","b5200.net","bamxs.com","bbiquge.cc","bbiquge8.net","bequmo.com","bimixsw.com","biqiuge8.cc","biqudd.com","biqudu.tv","biquge775.com","biquge98.net","biqugecd.com","biqugesc.org","biqugewu.net","biqugse.com","biquka.com","biquluo.net","biququ.info","biqusk.com","biqutsxs.com","biquzw.info","boquku.com","bqg999.net","bqwxg8.com","bshuku.com","bxwx.live","bxwx00.com","changduzw.com","chenkuan.com","damengzhu1.com","ddbqgtxt.cc","diyibanzhu9.pro","dizishu.cc","dobiez.com","doupocangqiong.info","dpcq1.com","dpcq1.net","fxsc6.net","gaofuwu.org","gdbzkz.com","gdbzkz.org","hongyeshuzhai.com","huanyue1234.com","ibiquges.com","ibiquta.net","ibotaodz.org","idzs.org","ijjjxs.net","imianhuatang.info","ishisetianxia.com","ishubao.org","iwurexs.info","ixs.la","jcdf99.com","jieshengit.com","jiezhong.cc","jingwubook.com","jmshuwu.net","kanshu5.net","kanshushi.com","lewen123.com","lewenge.info","lewxs.com","liewenn.com","liudatxt.org","longzu5.net","luoqiu.io","maxreader.la","mcmssc.net","mingrenteahouse.com","mqxs.com","nuanyuehanxing.com","paoshu8.com","paoshuzw.com","piaotian.la","pksge.com","prpcoin.com","qiqidu.net","qishula.com","qishuta.info","qqxsnew.net","qqxsw.so","quge66.com","ranwen.la","rizhaoxs.com","roushuwu6.com","sbooktxt.com","sdhear.com","shanhaimiwenlu.com","shenshuxs.org","shenzu.org","shu008.com","shubaowang.cc","shumi.la","shumil.co","shuquso.com","shuyy8.com","silukex.com","siluwx.org","sinodan.cc","sjks88.com","soduha.la","sthuojia.org","stxsw.com","sxcnw.net","sytxt.cc","tpsge.info","trxs.cc","tutengzw.com","txtduo.com","txtwan.com","tysk.cc","u33.cc","u33.me","wenxuem.com","wenxuemi.cc","whzh-xs.com","wodexiaoshuoh.com","wolaidu1.com","x23us.us","x81zw.co","xbiquge99.cc","xbiqugela.com","xbiquke.com","xdingdian.cc","xhytd.com","xiashuyun.com","xiaxs.info","xinremenxs.com","xiushukong.com","xs5200.com","xs7788.com","xsb-xs.com","xstt5.com","xszww8.net","xuanjiezhimen.org","xuanshu.org","xuessex.com","xvipxs.net","xxbiqudu.com","xygwh.cc","xyuanzunxs.com","yemancomic.com","ygshu.com","yingsx.com","ymxwx.com","yqd6.com","ysxs8.vip","yunxs.info","yuyougu.com","zhuishubox.com","zydu3.com","zzs5.info"],"regexFilter":"\\/\\w{8}\\/\\w{10}\\.","resourceTypes":["script"]},"id":8,"priority":10},
{"action":{"type":"block"},"condition":{"domainType":"thirdParty","regexFilter":"^https:\\/\\/zz\\d{4}bb\\d{4}\\.com","resourceTypes":["image"]},"id":9,"priority":10},
{"action":{"type":"block"},"condition":{"domainType":"thirdParty","regexFilter":":\\/\\/666(7|8)[0-9]{2}.xyz\\/","resourceTypes":["image"]},"id":10,"priority":10},
{"action":{"type":"block"},"condition":{"domainType":"thirdParty","regexFilter":"\\.(com|cn|top|xyz)\\/(j|K)\\/[0-9]{6}$","resourceTypes":["script"]},"id":11,"priority":10},
{"action":{"type":"block"},"condition":{"domainType":"thirdParty","regexFilter":"\\.(cyou|ink)\\/[a-z]{4}_[0-9]{5}_[a-z]{5}js\\?","resourceTypes":["script"]},"id":12,"priority":10},
{"action":{"type":"block"},"condition":{"domainType":"thirdParty","regexFilter":"\\.[a-z]oubli[a-z].top\\/","resourceTypes":["script"]},"id":13,"priority":10},
{"action":{"type":"block"},"condition":{"domainType":"thirdParty","regexFilter":"\\.[a-z]yjqgp[a-z].top\\/","resourceTypes":["script"]},"id":14,"priority":10},
{"action":{"type":"block"},"condition":{"domainType":"thirdParty","regexFilter":"\\.[a-z]weisi[a-z].top\\/","resourceTypes":["script"]},"id":15,"priority":10},
{"action":{"type":"block"},"condition":{"domainType":"thirdParty","regexFilter":"\\.(cc|com|top|xyz)\\/i\\/v$","resourceTypes":["xmlhttprequest"]},"id":16,"priority":10},
{"action":{"type":"block"},"condition":{"domainType":"thirdParty","regexFilter":"\\.[a-z]dyurli[a-z].top\\/","resourceTypes":["script"]},"id":17,"priority":10},
{"action":{"type":"block"},"condition":{"domainType":"thirdParty","regexFilter":"\\.[a-z]domsi[a-z].top\\/","resourceTypes":["script"]},"id":18,"priority":10},
{"action":{"type":"block"},"condition":{"domainType":"thirdParty","regexFilter":"\\.[a-z]{2,3}:\\d{4}\\/[a-z]{2}\\/\\d+\\?[a-z]+=[a-z0-9]{5,}","resourceTypes":["script"]},"id":19,"priority":10},
{"action":{"type":"block"},"condition":{"domainType":"thirdParty","regexFilter":"\\.[a-z]cinma[a-z].top\\/","resourceTypes":["script"]},"id":20,"priority":10},
{"action":{"type":"block"},"condition":{"domainType":"thirdParty","regexFilter":"\\.[a-z]dinma[a-z].top\\/","resourceTypes":["script"]},"id":21,"priority":10},
{"action":{"type":"block"},"condition":{"domainType":"thirdParty","regexFilter":"\\.[a-z]dinmi[a-z].top\\/","resourceTypes":["script"]},"id":22,"priority":10}
]
