[
{
 "action": {
  "type": "block"
 },
 "condition": {
  "initiatorDomains": [
   "amoreporno.com",
   "clipdisesso.com",
   "culonudo.com",
   "peneporno.com",
   "pornoamica.com",
   "pornocategorie.com",
   "pornoculi.com",
   "pornotreno.com",
   "sessoromantico.com"
  ],
  "regexFilter": "^https?:\\/\\/.*\\/[a-z0-9A-Z_]{2,15}\\.(php|jx|jsx|1ph|jsf|jz|jsm|j$)",
  "resourceTypes": [
   "image",
   "script",
   "sub_frame"
  ]
 },
 "id": 1,
 "priority": 10
},
{
 "action": {
  "type": "block"
 },
 "condition": {
  "initiatorDomains": [
   "mrpornogratis.it",
   "pornototale.com"
  ],
  "regexFilter": "^https?:\\/\\/.*\\/.*sw[0-9._].*",
  "resourceTypes": [
   "script"
  ]
 },
 "id": 2,
 "priority": 10
},
{
 "action": {
  "type": "block"
 },
 "condition": {
  "domainType": "thirdParty",
  "initiatorDomains": [
   "onepiecepower.com",
   "pepperlive.info"
  ],
  "regexFilter": "^https?:\\/\\/[0-9a-z]{8,}\\.com\\/.*",
  "resourceTypes": [
   "script",
   "xmlhttprequest"
  ]
 },
 "id": 3,
 "priority": 10
}
]
