[
{
 "action": {
  "type": "block"
 },
 "condition": {
  "initiatorDomains": [
   "no"
  ],
  "regexFilter": "^.*:\\/\\/w{3}\\.(tu|d\\ig\\i)\\.n\\o\\/(\\d|[a-zA-Z_-]){130,}$",
  "resourceTypes": [
   "xmlhttprequest"
  ]
 },
 "id": 1,
 "priority": 10
},
{
 "action": {
  "type": "block"
 },
 "condition": {
  "regexFilter": "^(https?:\\/\\/)?[a-z]{10,12}\\.easy\\.co($|\\/.*$)",
  "resourceTypes": [
   "main_frame"
  ]
 },
 "id": 2,
 "priority": 10
},
{
 "action": {
  "type": "block"
 },
 "condition": {
  "domainType": "thirdParty",
  "regexFilter": "^.*:\\/\\/f\\.nordiskemedier\\.dk\\/2[a-z0-9]{12,}\\.(jpe?g|png)((\\?|&).*)?$"
 },
 "id": 3,
 "priority": 10
},
{
 "action": {
  "type": "allow"
 },
 "condition": {
  "initiatorDomains": [
   "billetlugen.dk",
   "eventim.no"
  ],
  "regexFilter": "obj\\/global\\/feature\\/tagCommander",
  "resourceTypes": [
   "script"
  ]
 },
 "id": 4,
 "priority": 30
},
{
 "action": {
  "type": "allow"
 },
 "condition": {
  "domainType": "firstParty",
  "regexFilter": "^https:\\/\\/www.gamer.no\\/[0-9a-f]{32,40}$",
  "resourceTypes": [
   "script"
  ]
 },
 "id": 5,
 "priority": 30
}
]
