[
 {
  "id": "default",
  "name": "Ads, trackers, miners, and more",
  "enabled": true,
  "homeURL": "https://github.com/uBlockOrigin/uAssets",
  "filters": {
   "total": 106190,
   "accepted": 104968,
   "rejected": 133
  },
  "rules": {
   "total": 16561,
   "plain": 14789,
   "regex": 150,
   "removeparam": 59,
   "redirect": 524,
   "modifyHeaders": 71,
   "strictblock": 24,
   "urlskip": 125,
   "discarded": 0,
   "rejected": 842
  },
  "css": {
   "generic": 13317,
   "generichigh": 520,
   "specific": 11910,
   "declarative": 933,
   "procedural": 1101
  },
  "scriptlets": 52
 },
 {
  "id": "badware",
  "name": "Badware risks",
  "group": "malware",
  "enabled": true,
  "homeURL": "https://github.com/uBlockOrigin/uAssets",
  "filters": {
   "total": 10919,
   "accepted": 10912,
   "rejected": 0
  },
  "rules": {
   "total": 1316,
   "plain": 1146,
   "regex": 120,
   "removeparam": 0,
   "redirect": 0,
   "modifyHeaders": 0,
   "strictblock": 381,
   "urlskip": 0,
   "discarded": 0,
   "rejected": 50
  },
  "css": {
   "generic": 13,
   "generichigh": 0,
   "specific": 285,
   "declarative": 3,
   "procedural": 28
  },
  "scriptlets": 4
 },
 {
  "id": "block-lan",
  "name": "Block Outsider Intrusion into LAN",
  "enabled": false,
  "homeURL": "https://github.com/uBlockOrigin/uAssets",
  "filters": {
   "total": 79,
   "accepted": 79,
   "rejected": 0
  },
  "rules": {
   "total": 16,
   "plain": 9,
   "regex": 7,
   "removeparam": 0,
   "redirect": 0,
   "modifyHeaders": 0,
   "strictblock": 0,
   "urlskip": 0,
   "discarded": 0,
   "rejected": 0
  },
  "css": {
   "generic": 0,
   "generichigh": 0,
   "specific": 0,
   "declarative": 0,
   "procedural": 0
  },
  "scriptlets": 0
 },
 {
  "id": "dpollock-0",
  "name": "Dan Pollock’s hosts file",
  "enabled": false,
  "homeURL": "https://someonewhocares.org/hosts/",
  "filters": {
   "total": 11737,
   "accepted": 11737,
   "rejected": 0
  },
  "rules": {
   "total": 1,
   "plain": 1,
   "regex": 0,
   "removeparam": 0,
   "redirect": 0,
   "modifyHeaders": 0,
   "strictblock": 1,
   "urlskip": 0,
   "discarded": 0,
   "rejected": 0
  },
  "css": {
   "generic": 0,
   "generichigh": 0,
   "specific": 0,
   "declarative": 0,
   "procedural": 0
  },
  "scriptlets": 0
 },
 {
  "id": "adguard-spyware-url",
  "name": "AdGuard URL Tracking Protection",
  "enabled": false,
  "homeURL": "https://github.com/AdguardTeam/AdguardFilters#adguard-filters",
  "filters": {
   "total": 2035,
   "accepted": 2022,
   "rejected": 0
  },
  "rules": {
   "total": 685,
   "plain": 0,
   "regex": 0,
   "removeparam": 569,
   "redirect": 0,
   "modifyHeaders": 0,
   "strictblock": 0,
   "urlskip": 0,
   "discarded": 0,
   "rejected": 116
  },
  "css": {
   "generic": 0,
   "generichigh": 0,
   "specific": 3,
   "declarative": 0,
   "procedural": 0
  },
  "scriptlets": 0
 },
 {
  "id": "annoyances-cookies",
  "name": "EasyList/adr – Cookie Notices",
  "group": "annoyances",
  "enabled": false,
  "homeURL": "https://github.com/easylist/easylist#fanboy-lists",
  "filters": {
   "total": 1955,
   "accepted": 1955,
   "rejected": 0
  },
  "rules": {
   "total": 1648,
   "plain": 1647,
   "regex": 1,
   "removeparam": 0,
   "redirect": 0,
   "modifyHeaders": 0,
   "strictblock": 1,
   "urlskip": 0,
   "discarded": 0,
   "rejected": 0
  },
  "css": {
   "generic": 14730,
   "generichigh": 171,
   "specific": 17055,
   "declarative": 2925,
   "procedural": 31
  },
  "scriptlets": 18
 },
 {
  "id": "annoyances-overlays",
  "name": "EasyList/adr – Overlay Notices",
  "group": "annoyances",
  "enabled": false,
  "homeURL": "https://github.com/easylist/easylist#fanboy-lists",
  "filters": {
   "total": 465,
   "accepted": 465,
   "rejected": 0
  },
  "rules": {
   "total": 346,
   "plain": 296,
   "regex": 0,
   "removeparam": 1,
   "redirect": 14,
   "modifyHeaders": 5,
   "strictblock": 1,
   "urlskip": 2,
   "discarded": 0,
   "rejected": 28
  },
  "css": {
   "generic": 1167,
   "generichigh": 14,
   "specific": 4992,
   "declarative": 1058,
   "procedural": 482
  },
  "scriptlets": 30
 },
 {
  "id": "annoyances-social",
  "name": "EasyList – Social Widgets",
  "group": "annoyances",
  "enabled": false,
  "homeURL": "https://github.com/easylist/easylist#fanboy-lists",
  "filters": {
   "total": 671,
   "accepted": 671,
   "rejected": 0
  },
  "rules": {
   "total": 593,
   "plain": 593,
   "regex": 0,
   "removeparam": 0,
   "redirect": 0,
   "modifyHeaders": 0,
   "strictblock": 0,
   "urlskip": 0,
   "discarded": 0,
   "rejected": 0
  },
  "css": {
   "generic": 9355,
   "generichigh": 112,
   "specific": 4429,
   "declarative": 5,
   "procedural": 17
  },
  "scriptlets": 1
 },
 {
  "id": "annoyances-widgets",
  "name": "EasyList – Chat Widgets",
  "group": "annoyances",
  "enabled": false,
  "homeURL": "https://github.com/easylist/easylist#fanboy-lists",
  "filters": {
   "total": 194,
   "accepted": 194,
   "rejected": 0
  },
  "rules": {
   "total": 48,
   "plain": 48,
   "regex": 0,
   "removeparam": 0,
   "redirect": 0,
   "modifyHeaders": 0,
   "strictblock": 1,
   "urlskip": 0,
   "discarded": 0,
   "rejected": 0
  },
  "css": {
   "generic": 11,
   "generichigh": 1,
   "specific": 6,
   "declarative": 0,
   "procedural": 0
  },
  "scriptlets": 0
 },
 {
  "id": "annoyances-others",
  "name": "EasyList – Other Annoyances",
  "group": "annoyances",
  "enabled": false,
  "homeURL": "https://github.com/easylist/easylist#fanboy-lists",
  "filters": {
   "total": 708,
   "accepted": 708,
   "rejected": 0
  },
  "rules": {
   "total": 401,
   "plain": 401,
   "regex": 0,
   "removeparam": 0,
   "redirect": 0,
   "modifyHeaders": 0,
   "strictblock": 1,
   "urlskip": 0,
   "discarded": 0,
   "rejected": 0
  },
  "css": {
   "generic": 773,
   "generichigh": 19,
   "specific": 2369,
   "declarative": 44,
   "procedural": 22
  },
  "scriptlets": 12
 },
 {
  "id": "urlhaus-full",
  "name": "Malicious URL Blocklist",
  "group": "malware",
  "enabled": true,
  "homeURL": "https://gitlab.com/malware-filter/urlhaus-filter",
  "filters": {
   "total": 3453,
   "accepted": 3453,
   "rejected": 0
  },
  "rules": {
   "total": 1,
   "plain": 1,
   "regex": 0,
   "removeparam": 0,
   "redirect": 0,
   "modifyHeaders": 0,
   "strictblock": 1,
   "urlskip": 0,
   "discarded": 0,
   "rejected": 0
  },
  "css": {
   "generic": 0,
   "generichigh": 0,
   "specific": 0,
   "declarative": 0,
   "procedural": 0
  },
  "scriptlets": 0
 },
 {
  "id": "openphish-domains",
  "name": "OpenPhish Domain Blocklist",
  "group": "malware",
  "enabled": true,
  "homeURL": "https://github.com/stephenhawk8054/openphish-adblock",
  "filters": {
   "total": 37655,
   "accepted": 37655,
   "rejected": 0
  },
  "rules": {
   "total": 5,
   "plain": 5,
   "regex": 0,
   "removeparam": 0,
   "redirect": 0,
   "modifyHeaders": 0,
   "strictblock": 1,
   "urlskip": 0,
   "discarded": 0,
   "rejected": 0
  },
  "css": {
   "generic": 0,
   "generichigh": 0,
   "specific": 0,
   "declarative": 0,
   "procedural": 0
  },
  "scriptlets": 0
 },
 {
  "id": "stevenblack-hosts",
  "name": "Steven Black’s Unified Hosts (adware + malware)",
  "enabled": false,
  "homeURL": "https://github.com/StevenBlack/hosts#readme",
  "filters": {
   "total": 134552,
   "accepted": 134552,
   "rejected": 0
  },
  "rules": {
   "total": 2,
   "plain": 1,
   "regex": 0,
   "removeparam": 0,
   "redirect": 0,
   "modifyHeaders": 0,
   "strictblock": 1,
   "urlskip": 0,
   "discarded": 0,
   "rejected": 1
  },
  "css": {
   "generic": 0,
   "generichigh": 0,
   "specific": 0,
   "declarative": 0,
   "procedural": 0
  },
  "scriptlets": 0
 },
 {
  "id": "adrp-tests",
  "name": "adr Lite Test Filters",
  "enabled": false,
  "homeURL": "https://ublockorigin.github.io/adrp-home/tests/test-filters.html",
  "filters": {
   "total": 7,
   "accepted": 7,
   "rejected": 0
  },
  "rules": {
   "total": 6,
   "plain": 3,
   "regex": 1,
   "removeparam": 0,
   "redirect": 1,
   "modifyHeaders": 1,
   "strictblock": 0,
   "urlskip": 0,
   "discarded": 0,
   "rejected": 0
  },
  "css": {
   "generic": 3,
   "generichigh": 0,
   "specific": 4,
   "declarative": 2,
   "procedural": 2
  },
  "scriptlets": 4
 },
 {
  "id": "alb-0",
  "name": "🇦🇱al 🇽🇰xk: Adblock List for Albania",
  "group": "regions",
  "enabled": false,
  "lang": "sq",
  "tags": "ads albania shqipja",
  "homeURL": "https://github.com/AnXh3L0/blocklist",
  "filters": {
   "total": 35,
   "accepted": 35,
   "rejected": 0
  },
  "rules": {
   "total": 32,
   "plain": 29,
   "regex": 0,
   "removeparam": 0,
   "redirect": 0,
   "modifyHeaders": 0,
   "strictblock": 1,
   "urlskip": 0,
   "discarded": 0,
   "rejected": 3
  },
  "css": {
   "generic": 6,
   "generichigh": 0,
   "specific": 107,
   "declarative": 3,
   "procedural": 4
  },
  "scriptlets": 0
 },
 {
  "id": "bgr-0",
  "name": "🇧🇬bg: Bulgarian Adblock list",
  "group": "regions",
  "enabled": false,
  "lang": "bg mk",
  "tags": "ads bulgarian България macedonian Македонија",
  "homeURL": "https://stanev.org/abp/",
  "filters": {
   "total": 718,
   "accepted": 718,
   "rejected": 0
  },
  "rules": {
   "total": 710,
   "plain": 710,
   "regex": 0,
   "removeparam": 0,
   "redirect": 0,
   "modifyHeaders": 0,
   "strictblock": 1,
   "urlskip": 0,
   "discarded": 0,
   "rejected": 0
  },
  "css": {
   "generic": 12,
   "generichigh": 0,
   "specific": 182,
   "declarative": 0,
   "procedural": 0
  },
  "scriptlets": 0
 },
 {
  "id": "chn-0",
  "name": "🇨🇳cn 🇹🇼tw: AdGuard Chinese (中文)",
  "group": "regions",
  "enabled": false,
  "lang": "ug zh",
  "tags": "ads chinese 中文",
  "homeURL": "https://github.com/AdguardTeam/AdguardFilters#adguard-filters",
  "filters": {
   "total": 13203,
   "accepted": 13196,
   "rejected": 3
  },
  "rules": {
   "total": 6490,
   "plain": 6419,
   "regex": 22,
   "removeparam": 2,
   "redirect": 31,
   "modifyHeaders": 8,
   "strictblock": 1,
   "urlskip": 0,
   "discarded": 0,
   "rejected": 8
  },
  "css": {
   "generic": 948,
   "generichigh": 206,
   "specific": 3270,
   "declarative": 111,
   "procedural": 97
  },
  "scriptlets": 20
 },
 {
  "id": "cze-0",
  "name": "🇨🇿cz 🇸🇰sk: EasyList Czech and Slovak",
  "group": "regions",
  "enabled": false,
  "lang": "cs sk",
  "tags": "ads czech česká slovak slovenská",
  "homeURL": "https://github.com/tomasko126/easylistczechandslovak",
  "filters": {
   "total": 247,
   "accepted": 247,
   "rejected": 0
  },
  "rules": {
   "total": 143,
   "plain": 134,
   "regex": 0,
   "removeparam": 0,
   "redirect": 4,
   "modifyHeaders": 1,
   "strictblock": 2,
   "urlskip": 0,
   "discarded": 0,
   "rejected": 4
  },
  "css": {
   "generic": 53,
   "generichigh": 4,
   "specific": 208,
   "declarative": 17,
   "procedural": 18
  },
  "scriptlets": 11
 },
 {
  "id": "deu-0",
  "name": "🇩🇪de 🇨🇭ch 🇦🇹at: EasyList Germany",
  "group": "regions",
  "enabled": false,
  "lang": "de dsb hsb lb rm",
  "tags": "ads german deutschland luxembourgish lëtzebuerg romansh",
  "homeURL": "https://forums.lanik.us/viewforum.php?f=90",
  "filters": {
   "total": 2339,
   "accepted": 2339,
   "rejected": 0
  },
  "rules": {
   "total": 1832,
   "plain": 1817,
   "regex": 4,
   "removeparam": 0,
   "redirect": 4,
   "modifyHeaders": 1,
   "strictblock": 1,
   "urlskip": 0,
   "discarded": 0,
   "rejected": 6
  },
  "css": {
   "generic": 380,
   "generichigh": 35,
   "specific": 2049,
   "declarative": 0,
   "procedural": 77
  },
  "scriptlets": 0
 },
 {
  "id": "fin-0",
  "name": "🇫🇮fi: Adblock List for Finland",
  "group": "regions",
  "enabled": false,
  "lang": "fi",
  "tags": "ads finnish",
  "homeURL": "https://github.com/finnish-easylist-addition/finnish-easylist-addition",
  "filters": {
   "total": 201,
   "accepted": 201,
   "rejected": 0
  },
  "rules": {
   "total": 179,
   "plain": 169,
   "regex": 3,
   "removeparam": 2,
   "redirect": 5,
   "modifyHeaders": 0,
   "strictblock": 0,
   "urlskip": 0,
   "discarded": 0,
   "rejected": 0
  },
  "css": {
   "generic": 62,
   "generichigh": 14,
   "specific": 576,
   "declarative": 20,
   "procedural": 116
  },
  "scriptlets": 8
 },
 {
  "id": "fra-0",
  "name": "🇫🇷fr 🇨🇦ca: AdGuard Français",
  "group": "regions",
  "enabled": false,
  "lang": "ar br ff fr lb oc son",
  "tags": "ads french",
  "homeURL": "https://github.com/AdguardTeam/AdguardFilters#adguard-filters",
  "filters": {
   "total": 12473,
   "accepted": 12205,
   "rejected": 258
  },
  "rules": {
   "total": 4249,
   "plain": 4201,
   "regex": 2,
   "removeparam": 0,
   "redirect": 30,
   "modifyHeaders": 6,
   "strictblock": 1,
   "urlskip": 0,
   "discarded": 0,
   "rejected": 10
  },
  "css": {
   "generic": 1708,
   "generichigh": 218,
   "specific": 1758,
   "declarative": 50,
   "procedural": 96
  },
  "scriptlets": 16
 },
 {
  "id": "grc-0",
  "name": "🇬🇷gr 🇨🇾cy: Greek AdBlock Filter",
  "group": "regions",
  "enabled": false,
  "lang": "el",
  "tags": "ads greek",
  "homeURL": "https://github.com/kargig/greek-adblockplus-filter",
  "filters": {
   "total": 466,
   "accepted": 466,
   "rejected": 0
  },
  "rules": {
   "total": 431,
   "plain": 431,
   "regex": 0,
   "removeparam": 0,
   "redirect": 0,
   "modifyHeaders": 0,
   "strictblock": 3,
   "urlskip": 0,
   "discarded": 0,
   "rejected": 0
  },
  "css": {
   "generic": 10,
   "generichigh": 5,
   "specific": 200,
   "declarative": 5,
   "procedural": 3
  },
  "scriptlets": 2
 },
 {
  "id": "hrv-0",
  "name": "🇭🇷hr 🇷🇸rs: Dandelion Sprout's Serbo-Croatian filters",
  "group": "regions",
  "enabled": false,
  "lang": "bs hr sr",
  "tags": "ads croatian serbian bosnian",
  "homeURL": "https://github.com/DandelionSprout/adfilt#readme",
  "filters": {
   "total": 91,
   "accepted": 91,
   "rejected": 0
  },
  "rules": {
   "total": 79,
   "plain": 79,
   "regex": 0,
   "removeparam": 0,
   "redirect": 0,
   "modifyHeaders": 0,
   "strictblock": 1,
   "urlskip": 0,
   "discarded": 0,
   "rejected": 0
  },
  "css": {
   "generic": 16,
   "generichigh": 1,
   "specific": 174,
   "declarative": 2,
   "procedural": 2
  },
  "scriptlets": 0
 },
 {
  "id": "hun-0",
  "name": "🇭🇺hu: hufilter",
  "group": "regions",
  "enabled": false,
  "lang": "hu",
  "tags": "ads hungarian",
  "homeURL": "https://github.com/hufilter/hufilter",
  "filters": {
   "total": 316,
   "accepted": 316,
   "rejected": 0
  },
  "rules": {
   "total": 199,
   "plain": 195,
   "regex": 1,
   "removeparam": 0,
   "redirect": 3,
   "modifyHeaders": 0,
   "strictblock": 1,
   "urlskip": 0,
   "discarded": 0,
   "rejected": 0
  },
  "css": {
   "generic": 57,
   "generichigh": 14,
   "specific": 481,
   "declarative": 26,
   "procedural": 24
  },
  "scriptlets": 13
 },
 {
  "id": "idn-0",
  "name": "🇮🇩id 🇲🇾my: ABPindo",
  "group": "regions",
  "enabled": false,
  "lang": "id ms",
  "tags": "ads indonesian malay",
  "homeURL": "https://github.com/ABPindo/indonesianadblockrules",
  "filters": {
   "total": 4333,
   "accepted": 4333,
   "rejected": 0
  },
  "rules": {
   "total": 3098,
   "plain": 3098,
   "regex": 0,
   "removeparam": 0,
   "redirect": 0,
   "modifyHeaders": 0,
   "strictblock": 1,
   "urlskip": 0,
   "discarded": 0,
   "rejected": 0
  },
  "css": {
   "generic": 239,
   "generichigh": 3764,
   "specific": 847,
   "declarative": 2,
   "procedural": 6
  },
  "scriptlets": 11
 },
 {
  "id": "ind-0",
  "name": "🇮🇳in 🇱🇰lk 🇳🇵np: IndianList",
  "group": "regions",
  "enabled": false,
  "lang": "as bn gu hi kn ml mr ne pa si ta te",
  "tags": "ads assamese bengali gujarati hindi kannada malayalam marathi nepali punjabi sinhala tamil telugu",
  "homeURL": "https://github.com/mediumkreation/IndianList",
  "filters": {
   "total": 4666,
   "accepted": 4666,
   "rejected": 0
  },
  "rules": {
   "total": 4626,
   "plain": 4625,
   "regex": 0,
   "removeparam": 0,
   "redirect": 0,
   "modifyHeaders": 0,
   "strictblock": 0,
   "urlskip": 0,
   "discarded": 0,
   "rejected": 1
  },
  "css": {
   "generic": 9,
   "generichigh": 0,
   "specific": 5008,
   "declarative": 0,
   "procedural": 120
  },
  "scriptlets": 0
 },
 {
  "id": "irn-0",
  "name": "🇮🇷ir: PersianBlocker",
  "group": "regions",
  "enabled": false,
  "lang": "fa ps tg",
  "tags": "ads af ir persian pashto tajik tj",
  "homeURL": "https://github.com/MasterKia/PersianBlocker",
  "filters": {
   "total": 1270,
   "accepted": 1270,
   "rejected": 0
  },
  "rules": {
   "total": 677,
   "plain": 633,
   "regex": 1,
   "removeparam": 15,
   "redirect": 4,
   "modifyHeaders": 2,
   "strictblock": 3,
   "urlskip": 0,
   "discarded": 0,
   "rejected": 22
  },
  "css": {
   "generic": 48,
   "generichigh": 2,
   "specific": 500,
   "declarative": 67,
   "procedural": 131
  },
  "scriptlets": 21
 },
 {
  "id": "isl-0",
  "name": "🇮🇸is: Icelandic ABP List",
  "group": "regions",
  "enabled": false,
  "lang": "is",
  "tags": "ads icelandic",
  "homeURL": "https://github.com/brave/adblock-lists/issues",
  "filters": {
   "total": 12,
   "accepted": 12,
   "rejected": 0
  },
  "rules": {
   "total": 12,
   "plain": 11,
   "regex": 0,
   "removeparam": 0,
   "redirect": 0,
   "modifyHeaders": 0,
   "strictblock": 1,
   "urlskip": 0,
   "discarded": 0,
   "rejected": 1
  },
  "css": {
   "generic": 0,
   "generichigh": 0,
   "specific": 34,
   "declarative": 0,
   "procedural": 1
  },
  "scriptlets": 0
 },
 {
  "id": "isr-0",
  "name": "🇮🇱il: EasyList Hebrew",
  "group": "regions",
  "enabled": false,
  "lang": "he",
  "tags": "ads hebrew",
  "homeURL": "https://github.com/easylist/EasyListHebrew",
  "filters": {
   "total": 684,
   "accepted": 684,
   "rejected": 0
  },
  "rules": {
   "total": 270,
   "plain": 240,
   "regex": 4,
   "removeparam": 0,
   "redirect": 14,
   "modifyHeaders": 1,
   "strictblock": 1,
   "urlskip": 0,
   "discarded": 0,
   "rejected": 11
  },
  "css": {
   "generic": 23,
   "generichigh": 0,
   "specific": 407,
   "declarative": 4,
   "procedural": 8
  },
  "scriptlets": 9
 },
 {
  "id": "ita-0",
  "name": "🇮🇹it: EasyList Italy",
  "group": "regions",
  "enabled": false,
  "lang": "it lij",
  "tags": "ads italian",
  "homeURL": "https://forums.lanik.us/viewforum.php?f=96",
  "filters": {
   "total": 1131,
   "accepted": 1131,
   "rejected": 0
  },
  "rules": {
   "total": 1036,
   "plain": 1033,
   "regex": 3,
   "removeparam": 0,
   "redirect": 0,
   "modifyHeaders": 0,
   "strictblock": 1,
   "urlskip": 0,
   "discarded": 0,
   "rejected": 0
  },
  "css": {
   "generic": 375,
   "generichigh": 54,
   "specific": 2823,
   "declarative": 0,
   "procedural": 22
  },
  "scriptlets": 0
 },
 {
  "id": "jpn-1",
  "name": "🇯🇵jp: AdGuard Japanese",
  "group": "regions",
  "enabled": false,
  "lang": "ja",
  "tags": "ads japanese 日本語",
  "homeURL": "https://github.com/AdguardTeam/AdguardFilters#adguard-filters",
  "filters": {
   "total": 2153,
   "accepted": 2153,
   "rejected": 0
  },
  "rules": {
   "total": 1590,
   "plain": 1527,
   "regex": 20,
   "removeparam": 0,
   "redirect": 27,
   "modifyHeaders": 0,
   "strictblock": 149,
   "urlskip": 0,
   "discarded": 0,
   "rejected": 16
  },
  "css": {
   "generic": 196,
   "generichigh": 12,
   "specific": 5045,
   "declarative": 185,
   "procedural": 728
  },
  "scriptlets": 21
 },
 {
  "id": "kor-1",
  "name": "🇰🇷kr: List-KR",
  "group": "regions",
  "enabled": false,
  "lang": "ko",
  "tags": "ads korean 한국어",
  "homeURL": "https://github.com/List-KR/List-KR#readme",
  "filters": {
   "total": 1463,
   "accepted": 1456,
   "rejected": 0
  },
  "rules": {
   "total": 1074,
   "plain": 863,
   "regex": 157,
   "removeparam": 1,
   "redirect": 22,
   "modifyHeaders": 0,
   "strictblock": 10,
   "urlskip": 0,
   "discarded": 0,
   "rejected": 31
  },
  "css": {
   "generic": 35,
   "generichigh": 71,
   "specific": 1598,
   "declarative": 176,
   "procedural": 96
  },
  "scriptlets": 16
 },
 {
  "id": "ltu-0",
  "name": "🇱🇹lt: EasyList Lithuania",
  "group": "regions",
  "enabled": false,
  "lang": "lt",
  "tags": "ads lithuanian",
  "homeURL": "https://github.com/EasyList-Lithuania/easylist_lithuania",
  "filters": {
   "total": 567,
   "accepted": 567,
   "rejected": 0
  },
  "rules": {
   "total": 521,
   "plain": 517,
   "regex": 2,
   "removeparam": 0,
   "redirect": 2,
   "modifyHeaders": 0,
   "strictblock": 1,
   "urlskip": 0,
   "discarded": 0,
   "rejected": 0
  },
  "css": {
   "generic": 4,
   "generichigh": 3,
   "specific": 325,
   "declarative": 7,
   "procedural": 8
  },
  "scriptlets": 5
 },
 {
  "id": "lva-0",
  "name": "🇱🇻lv: Latvian List",
  "group": "regions",
  "enabled": false,
  "lang": "lv",
  "tags": "ads latvian",
  "homeURL": "https://github.com/Latvian-List/adblock-latvian",
  "filters": {
   "total": 194,
   "accepted": 194,
   "rejected": 0
  },
  "rules": {
   "total": 153,
   "plain": 153,
   "regex": 0,
   "removeparam": 0,
   "redirect": 0,
   "modifyHeaders": 0,
   "strictblock": 1,
   "urlskip": 0,
   "discarded": 0,
   "rejected": 0
  },
  "css": {
   "generic": 9,
   "generichigh": 2,
   "specific": 80,
   "declarative": 0,
   "procedural": 7
  },
  "scriptlets": 0
 },
 {
  "id": "mkd-0",
  "name": "🇲🇰mk: Macedonian adBlock Filters",
  "group": "regions",
  "enabled": false,
  "lang": "mk",
  "tags": "ads macedonian",
  "homeURL": "https://github.com/DeepSpaceHarbor/Macedonian-adBlock-Filters",
  "filters": {
   "total": 291,
   "accepted": 291,
   "rejected": 0
  },
  "rules": {
   "total": 160,
   "plain": 159,
   "regex": 0,
   "removeparam": 0,
   "redirect": 0,
   "modifyHeaders": 0,
   "strictblock": 1,
   "urlskip": 0,
   "discarded": 0,
   "rejected": 1
  },
  "css": {
   "generic": 3,
   "generichigh": 1,
   "specific": 119,
   "declarative": 2,
   "procedural": 0
  },
  "scriptlets": 0
 },
 {
  "id": "nld-0",
  "name": "🇳🇱nl 🇧🇪be: AdGuard Dutch",
  "group": "regions",
  "enabled": false,
  "lang": "af fy nl",
  "tags": "ads afrikaans be belgië frisian dutch flemish nederlands netherlands nl sr suriname za",
  "homeURL": "https://github.com/AdguardTeam/AdguardFilters#adguard-filters",
  "filters": {
   "total": 554,
   "accepted": 552,
   "rejected": 0
  },
  "rules": {
   "total": 477,
   "plain": 473,
   "regex": 1,
   "removeparam": 0,
   "redirect": 3,
   "modifyHeaders": 0,
   "strictblock": 1,
   "urlskip": 0,
   "discarded": 0,
   "rejected": 0
  },
  "css": {
   "generic": 66,
   "generichigh": 5,
   "specific": 946,
   "declarative": 11,
   "procedural": 66
  },
  "scriptlets": 12
 },
 {
  "id": "nor-0",
  "name": "🇳🇴no 🇩🇰dk 🇮🇸is: Dandelion Sprouts nordiske filtre",
  "group": "regions",
  "enabled": false,
  "lang": "nb nn no da is",
  "tags": "ads norwegian danish icelandic",
  "homeURL": "https://github.com/DandelionSprout/adfilt",
  "filters": {
   "total": 2415,
   "accepted": 2415,
   "rejected": 0
  },
  "rules": {
   "total": 632,
   "plain": 611,
   "regex": 5,
   "removeparam": 0,
   "redirect": 6,
   "modifyHeaders": 0,
   "strictblock": 74,
   "urlskip": 0,
   "discarded": 0,
   "rejected": 10
  },
  "css": {
   "generic": 235,
   "generichigh": 50,
   "specific": 719,
   "declarative": 133,
   "procedural": 62
  },
  "scriptlets": 9
 },
 {
  "id": "pol-0",
  "name": "🇵🇱pl: Oficjalne Polskie Filtry do uBlocka Origin",
  "group": "regions",
  "parent": "🇵🇱pl: Oficjalne Polskie Filtry",
  "enabled": false,
  "lang": "szl pl",
  "tags": "ads polish polski",
  "homeURL": "https://github.com/MajkiIT/polish-ads-filter/issues",
  "filters": {
   "total": 1489,
   "accepted": 1488,
   "rejected": 1
  },
  "rules": {
   "total": 1073,
   "plain": 992,
   "regex": 43,
   "removeparam": 0,
   "redirect": 29,
   "modifyHeaders": 0,
   "strictblock": 1,
   "urlskip": 0,
   "discarded": 0,
   "rejected": 9
  },
  "css": {
   "generic": 128,
   "generichigh": 56,
   "specific": 3768,
   "declarative": 185,
   "procedural": 124
  },
  "scriptlets": 13
 },
 {
  "id": "rou-1",
  "name": "🇷🇴ro 🇲🇩md: Romanian Ad (ROad) Block List Light",
  "group": "regions",
  "enabled": false,
  "lang": "ro",
  "tags": "ads romanian română moldavian moldovenească молдовеняскэ",
  "homeURL": "https://github.com/tcptomato/ROad-Block",
  "filters": {
   "total": 516,
   "accepted": 515,
   "rejected": 0
  },
  "rules": {
   "total": 384,
   "plain": 374,
   "regex": 4,
   "removeparam": 0,
   "redirect": 1,
   "modifyHeaders": 0,
   "strictblock": 4,
   "urlskip": 0,
   "discarded": 0,
   "rejected": 5
  },
  "css": {
   "generic": 12,
   "generichigh": 3,
   "specific": 380,
   "declarative": 2,
   "procedural": 54
  },
  "scriptlets": 10
 },
 {
  "id": "rus-0",
  "name": "🇷🇺ru 🇺🇦ua 🇺🇿uz 🇰🇿kz: RU AdList",
  "group": "regions",
  "parent": "🇷🇺ru 🇺🇦ua 🇺🇿uz 🇰🇿kz: RU AdList",
  "enabled": false,
  "lang": "be kk tt ru uz",
  "tags": "ads belarusian беларуская kazakh tatar russian русский ukrainian українська uzbek",
  "homeURL": "https://forums.lanik.us/viewforum.php?f=102",
  "filters": {
   "total": 18666,
   "accepted": 18656,
   "rejected": 7
  },
  "rules": {
   "total": 5904,
   "plain": 5811,
   "regex": 16,
   "removeparam": 17,
   "redirect": 17,
   "modifyHeaders": 37,
   "strictblock": 3,
   "urlskip": 0,
   "discarded": 0,
   "rejected": 6
  },
  "css": {
   "generic": 466,
   "generichigh": 589,
   "specific": 7539,
   "declarative": 910,
   "procedural": 344
  },
  "scriptlets": 27
 },
 {
  "id": "rus-1",
  "name": "🇷🇺ru 🇺🇦ua 🇺🇿uz 🇰🇿kz: RU AdList: Counters",
  "group": "regions",
  "parent": "🇷🇺ru 🇺🇦ua 🇺🇿uz 🇰🇿kz: RU AdList",
  "enabled": false,
  "tags": "ads belarusian беларуская kazakh tatar russian русский ukrainian українська uzbek be kk tt ru uk uz",
  "homeURL": "https://forums.lanik.us/viewforum.php?f=102",
  "filters": {
   "total": 1396,
   "accepted": 1396,
   "rejected": 0
  },
  "rules": {
   "total": 729,
   "plain": 600,
   "regex": 0,
   "removeparam": 95,
   "redirect": 6,
   "modifyHeaders": 1,
   "strictblock": 1,
   "urlskip": 0,
   "discarded": 0,
   "rejected": 27
  },
  "css": {
   "generic": 4,
   "generichigh": 23,
   "specific": 49,
   "declarative": 24,
   "procedural": 34
  },
  "scriptlets": 10
 },
 {
  "id": "spa-0",
  "name": "🇪🇸es 🇦🇷ar 🇲🇽mx 🇨🇴co: EasyList Spanish",
  "group": "regions",
  "enabled": false,
  "lang": "an ast ca cak es eu gl gn trs quz",
  "tags": "ads aragonese basque catalan spanish español galician guarani",
  "homeURL": "https://forums.lanik.us/viewforum.php?f=103",
  "filters": {
   "total": 695,
   "accepted": 695,
   "rejected": 0
  },
  "rules": {
   "total": 570,
   "plain": 562,
   "regex": 8,
   "removeparam": 0,
   "redirect": 0,
   "modifyHeaders": 0,
   "strictblock": 1,
   "urlskip": 0,
   "discarded": 0,
   "rejected": 0
  },
  "css": {
   "generic": 241,
   "generichigh": 19,
   "specific": 1320,
   "declarative": 0,
   "procedural": 22
  },
  "scriptlets": 0
 },
 {
  "id": "spa-1",
  "name": "🇪🇸es 🇦🇷ar 🇧🇷br 🇵🇹pt: AdGuard Spanish/Portuguese",
  "group": "regions",
  "enabled": false,
  "lang": "an ast ca cak es eu gl gn trs pt quz",
  "tags": "ads aragonese basque catalan spanish español galician guarani portuguese português",
  "homeURL": "https://github.com/AdguardTeam/AdguardFilters#adguard-filters",
  "filters": {
   "total": 1299,
   "accepted": 1294,
   "rejected": 0
  },
  "rules": {
   "total": 917,
   "plain": 877,
   "regex": 6,
   "removeparam": 0,
   "redirect": 23,
   "modifyHeaders": 0,
   "strictblock": 1,
   "urlskip": 0,
   "discarded": 0,
   "rejected": 11
  },
  "css": {
   "generic": 129,
   "generichigh": 4,
   "specific": 1815,
   "declarative": 162,
   "procedural": 77
  },
  "scriptlets": 25
 },
 {
  "id": "svn-0",
  "name": "🇸🇮si: Slovenian List",
  "group": "regions",
  "enabled": false,
  "lang": "sl",
  "tags": "ads slovenian slovenski",
  "homeURL": "https://github.com/betterwebleon/slovenian-list",
  "filters": {
   "total": 130,
   "accepted": 130,
   "rejected": 0
  },
  "rules": {
   "total": 82,
   "plain": 82,
   "regex": 0,
   "removeparam": 0,
   "redirect": 0,
   "modifyHeaders": 0,
   "strictblock": 1,
   "urlskip": 0,
   "discarded": 0,
   "rejected": 0
  },
  "css": {
   "generic": 4,
   "generichigh": 0,
   "specific": 150,
   "declarative": 0,
   "procedural": 2
  },
  "scriptlets": 0
 },
 {
  "id": "swe-1",
  "name": "🇸🇪se: Frellwit's Swedish Filter",
  "group": "regions",
  "enabled": false,
  "lang": "sv",
  "tags": "ads swedish svenska",
  "homeURL": "https://github.com/lassekongo83/Frellwits-filter-lists",
  "filters": {
   "total": 1682,
   "accepted": 1682,
   "rejected": 0
  },
  "rules": {
   "total": 1331,
   "plain": 1308,
   "regex": 1,
   "removeparam": 4,
   "redirect": 13,
   "modifyHeaders": 2,
   "strictblock": 3,
   "urlskip": 0,
   "discarded": 0,
   "rejected": 3
  },
  "css": {
   "generic": 238,
   "generichigh": 48,
   "specific": 1413,
   "declarative": 254,
   "procedural": 227
  },
  "scriptlets": 18
 },
 {
  "id": "tha-0",
  "name": "🇹🇭th: EasyList Thailand",
  "group": "regions",
  "enabled": false,
  "lang": "th",
  "tags": "ads thai ไทย",
  "homeURL": "https://github.com/easylist-thailand/easylist-thailand",
  "filters": {
   "total": 768,
   "accepted": 768,
   "rejected": 0
  },
  "rules": {
   "total": 758,
   "plain": 751,
   "regex": 2,
   "removeparam": 0,
   "redirect": 4,
   "modifyHeaders": 0,
   "strictblock": 1,
   "urlskip": 0,
   "discarded": 0,
   "rejected": 1
  },
  "css": {
   "generic": 1,
   "generichigh": 5,
   "specific": 181,
   "declarative": 0,
   "procedural": 11
  },
  "scriptlets": 6
 },
 {
  "id": "tur-0",
  "name": "🇹🇷tr: AdGuard Turkish",
  "group": "regions",
  "enabled": false,
  "lang": "tr",
  "tags": "ads turkish türkçe",
  "homeURL": "https://github.com/AdguardTeam/AdguardFilters#adguard-filters",
  "filters": {
   "total": 1392,
   "accepted": 1392,
   "rejected": 0
  },
  "rules": {
   "total": 1127,
   "plain": 1084,
   "regex": 12,
   "removeparam": 0,
   "redirect": 18,
   "modifyHeaders": 0,
   "strictblock": 1,
   "urlskip": 0,
   "discarded": 0,
   "rejected": 13
  },
  "css": {
   "generic": 172,
   "generichigh": 58,
   "specific": 2762,
   "declarative": 349,
   "procedural": 103
  },
  "scriptlets": 20
 },
 {
  "id": "ukr-0",
  "name": "🇺🇦ua: Ukrainian Filters",
  "group": "regions",
  "enabled": false,
  "lang": "uk",
  "tags": "ads ukraine україна",
  "homeURL": "https://github.com/ukrainianfilters/lists",
  "filters": {
   "total": 1973,
   "accepted": 1971,
   "rejected": 0
  },
  "rules": {
   "total": 340,
   "plain": 337,
   "regex": 1,
   "removeparam": 2,
   "redirect": 0,
   "modifyHeaders": 0,
   "strictblock": 60,
   "urlskip": 0,
   "discarded": 0,
   "rejected": 0
  },
  "css": {
   "generic": 17,
   "generichigh": 7,
   "specific": 507,
   "declarative": 33,
   "procedural": 101
  },
  "scriptlets": 1
 },
 {
  "id": "vie-1",
  "name": "🇻🇳vn: ABPVN List",
  "group": "regions",
  "enabled": false,
  "lang": "vi",
  "tags": "ads vietnamese việt",
  "homeURL": "https://abpvn.com/",
  "filters": {
   "total": 462,
   "accepted": 462,
   "rejected": 0
  },
  "rules": {
   "total": 325,
   "plain": 310,
   "regex": 2,
   "removeparam": 0,
   "redirect": 5,
   "modifyHeaders": 8,
   "strictblock": 1,
   "urlskip": 0,
   "discarded": 0,
   "rejected": 0
  },
  "css": {
   "generic": 35,
   "generichigh": 6,
   "specific": 422,
   "declarative": 6,
   "procedural": 3
  },
  "scriptlets": 11
 },
 {
  "id": "est-0",
  "name": "🇪🇪ee: Eesti saitidele kohandatud filter",
  "group": "regions",
  "enabled": false,
  "lang": "et",
  "homeURL": "https://github.com/sander85/adrp-et",
  "filters": {
   "total": 258,
   "accepted": 258,
   "rejected": 0
  },
  "rules": {
   "total": 72,
   "plain": 71,
   "regex": 0,
   "removeparam": 1,
   "redirect": 0,
   "modifyHeaders": 0,
   "strictblock": 1,
   "urlskip": 0,
   "discarded": 0,
   "rejected": 0
  },
  "css": {
   "generic": 4,
   "generichigh": 7,
   "specific": 72,
   "declarative": 3,
   "procedural": 1
  },
  "scriptlets": 1
 }
]
