[
{"action":{"redirect":{"transform":{"queryTransform":{"removeParams":["ref"]}}},"type":"redirect"},"condition":{"requestDomains":["arnr.ir","upera.tv"],"resourceTypes":["main_frame","sub_frame","xmlhttprequest"]},"id":1,"priority":2},
{"action":{"redirect":{"transform":{"queryTransform":{"removeParams":["rssRedirect"]}}},"type":"redirect"},"condition":{"requestDomains":["eghtesadnews.com"],"resourceTypes":["main_frame","sub_frame","xmlhttprequest"]},"id":2,"priority":2},
{"action":{"redirect":{"transform":{"queryTransform":{"removeParams":["_ga","_gl"]}}},"type":"redirect"},"condition":{"requestDomains":["app.technews-iran.com"],"resourceTypes":["main_frame","sub_frame","xmlhttprequest"]},"id":3,"priority":2},
{"action":{"redirect":{"transform":{"queryTransform":{"removeParams":["referer"]}}},"type":"redirect"},"condition":{"requestDomains":["aparat.com"],"resourceTypes":["xmlhttprequest"]},"id":4,"priority":2},
{"action":{"redirect":{"transform":{"queryTransform":{"removeParams":["referrer"]}}},"type":"redirect"},"condition":{"resourceTypes":["xmlhttprequest"],"urlFilter":"||podbean.com/player^"},"id":5,"priority":2},
{"action":{"redirect":{"transform":{"queryTransform":{"removeParams":["pbss"]}}},"type":"redirect"},"condition":{"resourceTypes":["media"],"urlFilter":"||podbean.com/pb^"},"id":6,"priority":2},
{"action":{"redirect":{"transform":{"queryTransform":{"removeParams":["bCode","camCode","promo_creative","promo_name","promo_position"]}}},"type":"redirect"},"condition":{"requestDomains":["www.digikala.com"],"resourceTypes":["main_frame"]},"id":7,"priority":2},
{"action":{"redirect":{"transform":{"queryTransform":{"removeParams":["source"]}}},"type":"redirect"},"condition":{"requestDomains":["open-platform-redirect.divar.ir"],"resourceTypes":["main_frame"]},"id":8,"priority":2},
{"action":{"redirect":{"transform":{"queryTransform":{"removeParams":["_ref"]}}},"type":"redirect"},"condition":{"requestDomains":["jobinja.ir"],"resourceTypes":["main_frame"]},"id":9,"priority":2},
{"action":{"redirect":{"transform":{"queryTransform":{"removeParams":["safarmarketId"]}}},"type":"redirect"},"condition":{"resourceTypes":["main_frame"],"urlFilter":"^safarmarketid="},"id":10,"priority":2},
{"action":{"redirect":{"transform":{"queryTransform":{"removeParams":["search_id"]}}},"type":"redirect"},"condition":{"resourceTypes":["main_frame"],"urlFilter":"||api.torob.com/v4/product-page/redirect^"},"id":11,"priority":2},
{"action":{"redirect":{"transform":{"queryTransform":{"removeParams":["UDID","appVersion","deviceType"]}}},"type":"redirect"},"condition":{"domainType":"firstParty","requestDomains":["snappfood.ir"],"requestMethods":["get"],"resourceTypes":["xmlhttprequest"]},"id":12,"priority":2},
{"action":{"redirect":{"transform":{"queryTransform":{"removeParams":["_bt__experiment","_ft__ab_test","_ft__shop_score","_http_referrer","_url_referrer","android_app_ver","btn","bvid","device","discover_method","is_adv","pre_prk","session_id","shop_rank","source","suid","uid","user_id"]}}},"type":"redirect"},"condition":{"domainType":"firstParty","requestDomains":["api.torob.com"],"resourceTypes":["main_frame","xmlhttprequest"]},"id":13,"priority":2},
{"action":{"redirect":{"transform":{"queryTransform":{"removeParams":["vastUrl"]}}},"type":"redirect"},"condition":{"domainType":"thirdParty","resourceTypes":["main_frame","sub_frame","xmlhttprequest"],"urlFilter":"||tamasha.com/embed^"},"id":14,"priority":2},
{"action":{"redirect":{"transform":{"queryTransform":{"removeParams":["origin","publisher","q"]}}},"type":"redirect"},"condition":{"resourceTypes":["main_frame","sub_frame","xmlhttprequest"],"urlFilter":"||zarebin.ir/media/detail^"},"id":15,"priority":2}
]
