[
{
 "action": {
  "redirect": {
   "transform": {
    "queryTransform": {
     "removeParams": [
      "xtor"
     ]
    }
   }
  },
  "type": "redirect"
 },
 "condition": {
  "resourceTypes": [
   "main_frame",
   "sub_frame",
   "xmlhttprequest"
  ],
  "urlFilter": "||bbc.com/ukrainian/"
 },
 "id": 331,
 "priority": 2
},
{
 "action": {
  "redirect": {
   "transform": {
    "queryTransform": {
     "removeParams": [
      "prov"
     ]
    }
   }
  },
  "type": "redirect"
 },
 "condition": {
  "requestDomains": [
   "magnolia-tv.com"
  ],
  "resourceTypes": [
   "main_frame",
   "sub_frame",
   "xmlhttprequest"
  ]
 },
 "id": 332,
 "priority": 2
}
]
