[
{"action":{"type":"block"},"condition":{"urlFilter":"-baneris-"},"id":1,"priority":10},
{"action":{"type":"block"},"condition":{"urlFilter":".altero-banner-2_top"},"id":2,"priority":10},
{"action":{"type":"block"},"condition":{"excludedInitiatorDomains":["pigubeakcijos.lt"],"urlFilter":"/baneriai^"},"id":3,"priority":10},
{"action":{"type":"block"},"condition":{"urlFilter":"/baneris."},"id":4,"priority":10},
{"action":{"type":"block"},"condition":{"urlFilter":"/baneris_"},"id":5,"priority":10},
{"action":{"type":"block"},"condition":{"urlFilter":"/baneriukai/"},"id":6,"priority":10},
{"action":{"type":"block"},"condition":{"urlFilter":"/baneriukas/"},"id":7,"priority":10},
{"action":{"type":"block"},"condition":{"urlFilter":"/popbox.js"},"id":8,"priority":10},
{"action":{"type":"block"},"condition":{"urlFilter":"/skydeliai/"},"id":9,"priority":10},
{"action":{"type":"block"},"condition":{"excludedInitiatorDomains":["procolor.lt","rde.lt"],"urlFilter":".lt/images/banners^"},"id":10,"priority":10},
{"action":{"type":"block"},"condition":{"urlFilter":".lt/reklamos^"},"id":11,"priority":10},
{"action":{"type":"block"},"condition":{"excludedInitiatorDomains":["barbora.lt"],"urlFilter":".lt/banners^"},"id":12,"priority":10},
{"action":{"type":"block"},"condition":{"urlFilter":".lt/uploads/banners^"},"id":13,"priority":10},
{"action":{"type":"block"},"condition":{"urlFilter":".lt/banner^"},"id":14,"priority":10},
{"action":{"type":"block"},"condition":{"urlFilter":".lt/resources/_banners^"},"id":15,"priority":10},
{"action":{"type":"block"},"condition":{"initiatorDomains":["filmux.to"],"requestDomains":["peacto.com"]},"id":16,"priority":10},
{"action":{"type":"block"},"condition":{"initiatorDomains":["tv3.lt"],"requestDomains":["freewheel-mtgx-tv.akamaized.net"]},"id":17,"priority":10},
{"action":{"type":"block"},"condition":{"urlFilter":"/script/suv4.js"},"id":18,"priority":10},
{"action":{"type":"block"},"condition":{"initiatorDomains":["dumblas.com","onlyoffice.com","viskasvestuvems.eu"],"urlFilter":"/images/banners/"},"id":19,"priority":10},
{"action":{"type":"block"},"condition":{"initiatorDomains":["torrent.ai","torrent.lt"],"urlFilter":"/lt/davise/"},"id":20,"priority":10},
{"action":{"type":"block"},"condition":{"initiatorDomains":["ekstremalas.lt","samata.lt"],"urlFilter":"/out_data/banners/"},"id":21,"priority":10},
{"action":{"type":"block"},"condition":{"initiatorDomains":["autoplius.lt","cvmarket.lt"],"urlFilter":".lt/infoblocks"},"id":22,"priority":10},
{"action":{"type":"block"},"condition":{"urlFilter":".lt/static/images/banner"},"id":23,"priority":10},
{"action":{"type":"block"},"condition":{"initiatorDomains":["medguru.lt","sveikas.lt"],"urlFilter":".lt/uploads/img/banners/"},"id":24,"priority":10},
{"action":{"type":"block"},"condition":{"initiatorDomains":["bigbolz.com","iwant.lt"],"urlFilter":"/ads.php"},"id":25,"priority":10},
{"action":{"type":"block"},"condition":{"initiatorDomains":["www.15min.lt"],"urlFilter":"/banner-job-ads^"},"id":26,"priority":10},
{"action":{"type":"block"},"condition":{"initiatorDomains":["emp.lt","viko.lt"],"urlFilter":"/emp_sugedo_210x105.gif^"},"id":27,"priority":10},
{"action":{"type":"block"},"condition":{"initiatorDomains":["delfi.lt","tavovaikas.lt"],"urlFilter":"/newsfeed/?p="},"id":28,"priority":10},
{"action":{"type":"block"},"condition":{"initiatorDomains":["manonamai.lt","perpasauli.lt"],"urlFilter":"/newsfeed_v2/?p="},"id":29,"priority":10},
{"action":{"type":"block"},"condition":{"initiatorDomains":["suvalkai.lt"],"urlFilter":"/oc-content/themes^"},"id":30,"priority":10},
{"action":{"type":"block"},"condition":{"urlFilter":"||1551.lt/images/banner"},"id":31,"priority":10},
{"action":{"type":"block"},"condition":{"urlFilter":"||15minlt.adocean.pl/files/x/*.mp4"},"id":32,"priority":10},
{"action":{"type":"block"},"condition":{"urlFilter":"||alio.lt/infoblock1200x250a.html"},"id":33,"priority":10},
{"action":{"type":"block"},"condition":{"urlFilter":"||alio.lt/positionpages"},"id":34,"priority":10},
{"action":{"type":"block"},"condition":{"urlFilter":"||alio.lt/pospages.html?position=titulinis_carusele_"},"id":35,"priority":10},
{"action":{"type":"block"},"condition":{"urlFilter":"||alytausgidas.lt/media/_banners/"},"id":36,"priority":10},
{"action":{"type":"block"},"condition":{"urlFilter":"||apievestuves.lt/m/ads"},"id":37,"priority":10},
{"action":{"type":"block"},"condition":{"urlFilter":"||audifanai.com/images/bap.jpg"},"id":38,"priority":10},
{"action":{"type":"block"},"condition":{"urlFilter":"||audifanai.com/images/draugai/"},"id":39,"priority":10},
{"action":{"type":"block"},"condition":{"urlFilter":"||aukse.ucoz.com/8ea7f19510a7.gif"},"id":40,"priority":10},
{"action":{"type":"block"},"condition":{"urlFilter":"||aukse.ucoz.com/aurelialogo.jpg"},"id":41,"priority":10},
{"action":{"type":"block"},"condition":{"urlFilter":"||aukse.ucoz.com/editalogo.jpg"},"id":42,"priority":10},
{"action":{"type":"block"},"condition":{"urlFilter":"||aukse.ucoz.com/lilijos_logo.jpg"},"id":43,"priority":10},
{"action":{"type":"block"},"condition":{"urlFilter":"||aukse.ucoz.com/sokiu_bunkeris.png"},"id":44,"priority":10},
{"action":{"type":"block"},"condition":{"urlFilter":"||auto-loads.lt/media/uploads/banners/"},"id":45,"priority":10},
{"action":{"type":"block"},"condition":{"urlFilter":"||autobilis.lt/assets/images/lizingas.jpg"},"id":46,"priority":10},
{"action":{"type":"block"},"condition":{"urlFilter":"||autoplius-static.dgn.lt/static/images/desktop/placement/luminor/luminor_ap_2048.jpg"},"id":47,"priority":10},
{"action":{"type":"block"},"condition":{"urlFilter":"||b.inbox.lt/b/"},"id":48,"priority":10},
{"action":{"type":"block"},"condition":{"urlFilter":"||basketnews.lt/config/basketnews.lt/files/3/2323.gif"},"id":49,"priority":10},
{"action":{"type":"block"},"condition":{"urlFilter":"||basketnews.lt/config/basketnews.lt/themes/ads_"},"id":50,"priority":10},
{"action":{"type":"block"},"condition":{"urlFilter":"||basketnews.lt/config/basketnews.lt/themes/banners/olybet_"},"id":51,"priority":10},
{"action":{"type":"block"},"condition":{"urlFilter":"||basketzone.lt/images/stories/wfotkes/musu_statymai.jpg"},"id":52,"priority":10},
{"action":{"type":"block"},"condition":{"urlFilter":"||basketzone.lt/images/stories/wfotkes/statymai_blue_500x60.gif"},"id":53,"priority":10},
{"action":{"type":"block"},"condition":{"urlFilter":"||basset-hound.lt/uploads/basset_banner.gif"},"id":54,"priority":10},
{"action":{"type":"block"},"condition":{"urlFilter":"||beligu.lt/images/longavit.jpg"},"id":55,"priority":10},
{"action":{"type":"block"},"condition":{"urlFilter":"||bigbenas.lt/wp-content/uploads/2017/03/banner-1.jpg"},"id":56,"priority":10},
{"action":{"type":"block"},"condition":{"urlFilter":"||bigbenas.lt/wp-content/uploads/2017/10/study-in-london-1024x189-px.gif"},"id":57,"priority":10},
{"action":{"type":"block"},"condition":{"urlFilter":"||ccg.lv/ads/"},"id":58,"priority":10},
{"action":{"type":"block"},"condition":{"urlFilter":"||ccic.lt/get.php?i."},"id":59,"priority":10},
{"action":{"type":"block"},"condition":{"urlFilter":"||cdn.gsmarena.com/vv/assets8/js/"},"id":60,"priority":10},
{"action":{"type":"block"},"condition":{"urlFilter":"||church.lt/t/files/u5/kiekvienamstudentui.gif"},"id":61,"priority":10},
{"action":{"type":"block"},"condition":{"urlFilter":"||church.lt/t/files/u5/rlc_banner1.gif"},"id":62,"priority":10},
{"action":{"type":"block"},"condition":{"urlFilter":"||credit24.lt/paskolos.html?transid="},"id":63,"priority":10},
{"action":{"type":"block"},"condition":{"urlFilter":"||cvzona.lt/dienalt_adv.php"},"id":64,"priority":10},
{"action":{"type":"block"},"condition":{"urlFilter":"||dazasvydis.lt/images/laz_ban.gif"},"id":65,"priority":10},
{"action":{"type":"block"},"condition":{"urlFilter":"||dazasvydis.lt/images/lazertag_ban-ani.gif"},"id":66,"priority":10},
{"action":{"type":"block"},"condition":{"urlFilter":"||delfi.lt/apps/banners"},"id":67,"priority":10},
{"action":{"type":"block"},"condition":{"urlFilter":"||delfi.lt/b?region="},"id":68,"priority":10},
{"action":{"type":"block"},"condition":{"urlFilter":"||delfi.lt/c/ib/"},"id":69,"priority":10},
{"action":{"type":"block"},"condition":{"urlFilter":"||delfi.lt/files/*.mp4"},"id":70,"priority":10},
{"action":{"type":"block"},"condition":{"urlFilter":"||delfi.lt/misc/ebooks.php"},"id":71,"priority":10},
{"action":{"type":"block"},"condition":{"urlFilter":"||delfi.lt/misc/export/aovp.php"},"id":72,"priority":10},
{"action":{"type":"block"},"condition":{"urlFilter":"||delfi.lt/video/sporto-tv/widgets/250px/"},"id":73,"priority":10},
{"action":{"type":"block"},"condition":{"urlFilter":"||delfi.lt/video/sporto-tv/widgets/728px/images/hermis.jpg"},"id":74,"priority":10},
{"action":{"type":"block"},"condition":{"initiatorDomains":["delfi.lt"],"urlFilter":"||dcdn.lt/images/hntis/"},"id":75,"priority":10},
{"action":{"type":"block"},"condition":{"urlFilter":"||depiliacija.eu/wp-content/uploads/2011/12/fotoepiliacija-namuose.png"},"id":76,"priority":10},
{"action":{"type":"block"},"condition":{"urlFilter":"||depiliacija.eu/wp-content/uploads/2012/06/fotoepiliatorius-silkn-flashngo.png"},"id":77,"priority":10},
{"action":{"type":"block"},"condition":{"urlFilter":"||depiliacija.eu/wp-content/uploads/2013/09/hf-depiliacija-baneris180x500.jpg"},"id":78,"priority":10},
{"action":{"type":"block"},"condition":{"urlFilter":"||dgn.lt/static/5/paskolos-v2.html"},"id":79,"priority":10},
{"action":{"type":"block"},"condition":{"urlFilter":"||dgn.lt/static/nqs/5/banner"},"id":80,"priority":10},
{"action":{"type":"block"},"condition":{"initiatorDomains":["15min.lt"],"requestDomains":["dgn.lt"]},"id":81,"priority":10},
{"action":{"type":"block"},"condition":{"urlFilter":"||diena.lt/sites/default/files/forma/cikaga.gif"},"id":82,"priority":10},
{"action":{"type":"block"},"condition":{"urlFilter":"||diena.lt/sites/default/files/forma/izel-3.gif"},"id":83,"priority":10},
{"action":{"type":"block"},"condition":{"urlFilter":"||diena.lt/sites/default/files/vilniausdiena/vartotoju%20zona/diena_admin/giberta_darbo_0.jpg"},"id":84,"priority":10},
{"action":{"type":"block"},"condition":{"urlFilter":"||diena.lt/sites/default/files/vilniausdiena/vartotoju%20zona/diena_admin/giberta_darbo_1.jpg"},"id":85,"priority":10},
{"action":{"type":"block"},"condition":{"urlFilter":"||dienosakcijos.lt/static/banners/"},"id":86,"priority":10},
{"action":{"type":"block"},"condition":{"urlFilter":"||donoryste.eu/pictures/banner_"},"id":87,"priority":10},
{"action":{"type":"block"},"condition":{"urlFilter":"||dratas.lt/wp-content/uploads/house-fb2.jpg"},"id":88,"priority":10},
{"action":{"type":"block"},"condition":{"urlFilter":"||drauge.org/pilnas/pv140x180.jpg"},"id":89,"priority":10},
{"action":{"type":"block"},"condition":{"urlFilter":"||drauge.org/pilnas/pv200x150.jpg"},"id":90,"priority":10},
{"action":{"type":"block"},"condition":{"urlFilter":"||drauge.org/pilnas/pvgen_promo.jpg"},"id":91,"priority":10},
{"action":{"type":"block"},"condition":{"urlFilter":"||dykai.eu/fun/content/2014/01/08/video-chatas-juodame.jpg"},"id":92,"priority":10},
{"action":{"type":"block"},"condition":{"urlFilter":"||ecoland.lt/modules/sotewsadds/files/right"},"id":93,"priority":10},
{"action":{"type":"block"},"condition":{"urlFilter":"||elektromarkt.lt/out/pictures/promo/"},"id":94,"priority":10},
{"action":{"type":"block"},"condition":{"urlFilter":"||empire.dykai.eu/logo_empire.jpg"},"id":95,"priority":10},
{"action":{"type":"block"},"condition":{"urlFilter":"||eurobasket.lt/images/statymai3.jpg"},"id":96,"priority":10},
{"action":{"type":"block"},"condition":{"urlFilter":"||eurobasket.lt/images/toshow/1000x200.jpg"},"id":97,"priority":10},
{"action":{"type":"block"},"condition":{"urlFilter":"||europoszemelapis.lt/dedikuoti-nuolaida150.jpg"},"id":98,"priority":10},
{"action":{"type":"block"},"condition":{"urlFilter":"||europoszemelapis.lt/serveriai-nuolaida150.jpg"},"id":99,"priority":10},
{"action":{"type":"block"},"condition":{"urlFilter":"||fanpagelistbuilder.net/pagetab/app_coupon/scriptindex.php?pageid="},"id":100,"priority":10},
{"action":{"type":"block"},"condition":{"urlFilter":"||farm4.static.flickr.com/3512/3178137982_2d1f1d4ff1_o.gif"},"id":101,"priority":10},
{"action":{"type":"block"},"condition":{"urlFilter":"||filosofija.info/wp-content/uploads/2013/11/praktine-filosofija.gif"},"id":102,"priority":10},
{"action":{"type":"block"},"condition":{"urlFilter":"||fm99.lt/wp-content/banners/"},"id":103,"priority":10},
{"action":{"type":"block"},"condition":{"urlFilter":"||fm99.lt/wp-content/uploads/2014/03/slider_blues_konkurs_dlugi_logo_ang.jpg"},"id":104,"priority":10},
{"action":{"type":"block"},"condition":{"urlFilter":"||fotofaze.lt/img/dezavu.jpg"},"id":105,"priority":10},
{"action":{"type":"block"},"condition":{"urlFilter":"||fotofaze.lt/img/fotonaras.png"},"id":106,"priority":10},
{"action":{"type":"block"},"condition":{"urlFilter":"||fotofaze.lt/img/musu-vestuves.jpg"},"id":107,"priority":10},
{"action":{"type":"block"},"condition":{"urlFilter":"||fotofaze.lt/img/procentras.png"},"id":108,"priority":10},
{"action":{"type":"block"},"condition":{"urlFilter":"||fotofaze.lt/img/vestuveskitaip.jpg"},"id":109,"priority":10},
{"action":{"type":"block"},"condition":{"urlFilter":"||fotofaze.lt/img/zzet.jpg"},"id":110,"priority":10},
{"action":{"type":"block"},"condition":{"urlFilter":"||games.lt/i/banners/"},"id":111,"priority":10},
{"action":{"type":"block"},"condition":{"urlFilter":"||games4you.lt/img/game1.gif"},"id":112,"priority":10},
{"action":{"type":"block"},"condition":{"urlFilter":"||games4you.lt/img/game2.gif"},"id":113,"priority":10},
{"action":{"type":"block"},"condition":{"urlFilter":"||geliukrautuvele.lt/images/vestuviu_atributika.png"},"id":114,"priority":10},
{"action":{"type":"block"},"condition":{"urlFilter":"||geopolitika.lt/img/ban/"},"id":115,"priority":10},
{"action":{"type":"block"},"condition":{"urlFilter":"||geopolitika.lt/img/banner_"},"id":116,"priority":10},
{"action":{"type":"block"},"condition":{"urlFilter":"||geopolitika.lt/img/book_ppceu_en.jpg"},"id":117,"priority":10},
{"action":{"type":"block"},"condition":{"urlFilter":"||geopolitika.lt/img/logo_srtrf.png"},"id":118,"priority":10},
{"action":{"type":"block"},"condition":{"urlFilter":"||geopolitika.lt/img/newtimeslogo.jpg"},"id":119,"priority":10},
{"action":{"type":"block"},"condition":{"urlFilter":"||grafika.iv.lt/hostingas/small_logo.png"},"id":120,"priority":10},
{"action":{"type":"block"},"condition":{"urlFilter":"||grafika.iv.lt/serveriai/hosted.gif"},"id":121,"priority":10},
{"action":{"type":"block"},"condition":{"urlFilter":"||greitukas.lt/images/kupi.jpg"},"id":122,"priority":10},
{"action":{"type":"block"},"condition":{"urlFilter":"||greitukas.lt/images/papuosaliukas.jpg"},"id":123,"priority":10},
{"action":{"type":"block"},"condition":{"urlFilter":"||greitukas.lt/images/vestuves_baneris.jpg"},"id":124,"priority":10},
{"action":{"type":"block"},"condition":{"urlFilter":"||groziodovanos.lt/groupon/affiliateframe"},"id":125,"priority":10},
{"action":{"type":"block"},"condition":{"urlFilter":"||grupinis.lt/www.grupinis.lt"},"id":126,"priority":10},
{"action":{"type":"block"},"condition":{"urlFilter":"||gsmarena.lt/images/13173439603.jpeg"},"id":127,"priority":10},
{"action":{"type":"block"},"condition":{"urlFilter":"||gyvenimas.eu/g_ds/skelb_arkl.jpg"},"id":128,"priority":10},
{"action":{"type":"block"},"condition":{"urlFilter":"||hardas.lt/http://www.hardas.lt/wp-content/uploads/icons//2014/04/brother-mazasis.png"},"id":129,"priority":10},
{"action":{"type":"block"},"condition":{"urlFilter":"||herba.lt/media/dynamic/banners/"},"id":130,"priority":10},
{"action":{"type":"block"},"condition":{"urlFilter":"||hostex.lt/images/header/logo.gif"},"id":131,"priority":10},
{"action":{"type":"block"},"condition":{"urlFilter":"||i422.photobucket.com/albums/pp305/savaites/banerisold_160x192.jpg"},"id":132,"priority":10},
{"action":{"type":"block"},"condition":{"urlFilter":"||i461.photobucket.com/albums/qq339/martynukas/antbangos.gif"},"id":133,"priority":10},
{"action":{"type":"block"},"condition":{"urlFilter":"||i941.photobucket.com/albums/ad255/skoniublogas/baneris-1.png"},"id":134,"priority":10},
{"action":{"type":"block"},"condition":{"urlFilter":"||ic.pics.livejournal.com/sig_tyr/13029589/1319/1319_900.jpg"},"id":135,"priority":10},
{"action":{"type":"block"},"condition":{"urlFilter":"||ic.pics.livejournal.com/sig_tyr/13029589/1652/1652_900.gif"},"id":136,"priority":10},
{"action":{"type":"block"},"condition":{"urlFilter":"||ic.pics.livejournal.com/sig_tyr/13029589/2153/2153_900.jpg"},"id":137,"priority":10},
{"action":{"type":"block"},"condition":{"urlFilter":"||igs.lt/images/saugumas/"},"id":138,"priority":10},
{"action":{"type":"block"},"condition":{"urlFilter":"||images.neobux.com/imagens/banner9/?uh=536b79425454&u3=15892148"},"id":139,"priority":10},
{"action":{"type":"block"},"condition":{"urlFilter":"||img2.diena.lt/sites/default/files/vilniausdiena/vartotoju%20zona/diena_admin/urmas-kaledos-940x100-px-2.jpg"},"id":140,"priority":10},
{"action":{"type":"block"},"condition":{"urlFilter":"||imgur.com/rgcwn.jpg"},"id":141,"priority":10},
{"action":{"type":"block"},"condition":{"urlFilter":"||infoadmin.lt/img/alertpay120x60.gif"},"id":142,"priority":10},
{"action":{"type":"block"},"condition":{"urlFilter":"||infoadmin.lt/uploads/images/banner120x60.gif"},"id":143,"priority":10},
{"action":{"type":"block"},"condition":{"urlFilter":"||infoadmin.lt/uploads/images/infoadmin120x60.jpg"},"id":144,"priority":10},
{"action":{"type":"block"},"condition":{"urlFilter":"||infodiena.com/wp-content/uploads/2018/03/1200.gif"},"id":145,"priority":10},
{"action":{"type":"block"},"condition":{"urlFilter":"||infodiena.com/wp-content/uploads/2018/03/1200x225.gif"},"id":146,"priority":10},
{"action":{"type":"block"},"condition":{"urlFilter":"||infodiena.com/wp-content/uploads/2018/04/1280x225.gif"},"id":147,"priority":10},
{"action":{"type":"block"},"condition":{"urlFilter":"||infoma.lt/images/ruba-reklama.gif"},"id":148,"priority":10},
{"action":{"type":"block"},"condition":{"urlFilter":"||infoplius.lt/cimg/brandpage/"},"id":149,"priority":10},
{"action":{"type":"block"},"condition":{"urlFilter":"||infoplius.lt/lt/searchblocks"},"id":150,"priority":10},
{"action":{"type":"block"},"condition":{"urlFilter":"||interjeras.lt/tl_files/catalogs/banners/"},"id":151,"priority":10},
{"action":{"type":"block"},"condition":{"urlFilter":"||invega.lt/site/banners/"},"id":152,"priority":10},
{"action":{"type":"block"},"condition":{"urlFilter":"||itneta.lt/failai/centas.jpg"},"id":153,"priority":10},
{"action":{"type":"block"},"condition":{"urlFilter":"||jurbarkiskis.lt/images/stories/lanmeta.gif"},"id":154,"priority":10},
{"action":{"type":"block"},"condition":{"urlFilter":"||jurbarkosviesa.lt/var/ezwebin_site/storage/images/media/skydeliu-kategorijos/"},"id":155,"priority":10},
{"action":{"type":"block"},"condition":{"urlFilter":"||kaimai.lt/images/default/source/perku_vaikui.jpg"},"id":156,"priority":10},
{"action":{"type":"block"},"condition":{"urlFilter":"||kaina24.lt/images/kaina24_180_green.gif"},"id":157,"priority":10},
{"action":{"type":"block"},"condition":{"urlFilter":"||kainos.lt/img/logox160.png"},"id":158,"priority":10},
{"action":{"type":"block"},"condition":{"urlFilter":"||kainos.lt/kainos-banner.html"},"id":159,"priority":10},
{"action":{"type":"block"},"condition":{"urlFilter":"||kaisiadoriuzinios.lt/wp-content/uploads/2014/03/extrafm-ad-300x150.png"},"id":160,"priority":10},
{"action":{"type":"block"},"condition":{"urlFilter":"||karjerairsveikata.lt/wp-content/uploads/2013/09/profertil-720_200_1.png"},"id":161,"priority":10},
{"action":{"type":"block"},"condition":{"urlFilter":"||kasvyksta.lt/isejimas-mob.php"},"id":162,"priority":10},
{"action":{"type":"block"},"condition":{"urlFilter":"||kasvyksta.lt/wp-content/themes/kasvyksta/images/ads"},"id":163,"priority":10},
{"action":{"type":"block"},"condition":{"urlFilter":"||kasvyksta.lt/wp-content/themes/kasvyksta/images/exit/"},"id":164,"priority":10},
{"action":{"type":"block"},"condition":{"urlFilter":"||kasvyksta.lt/wp-content/uploads/2015/06/bagazinesvilijampole.jpg"},"id":165,"priority":10},
{"action":{"type":"block"},"condition":{"urlFilter":"||kasvyksta.lt/wp-content/uploads/2017/*300x250.jpg"},"id":166,"priority":10},
{"action":{"type":"block"},"condition":{"urlFilter":"||dcdn.lt/images/*/300x600.jpg|"},"id":167,"priority":10},
{"action":{"type":"block"},"condition":{"urlFilter":"||dcdn.lt/images/*/1200x250.jpg|"},"id":168,"priority":10},
{"action":{"type":"block"},"condition":{"urlFilter":"||kaunozurnalistai.lt/templates/zurnalistai/images/random/kamane.jpg"},"id":169,"priority":10},
{"action":{"type":"block"},"condition":{"urlFilter":"||kedes.lt/showimage.php?f=4786_banner_lauko_baldai_6520s.jpg&w=215"},"id":170,"priority":10},
{"action":{"type":"block"},"condition":{"urlFilter":"||kedes.lt/showimage.php?f=banner_rumsiskes_200x200_6447s.jpg&w=215"},"id":171,"priority":10},
{"action":{"type":"block"},"condition":{"urlFilter":"||kinopavasaris.lt/bnr/2014/"},"id":172,"priority":10},
{"action":{"type":"block"},"condition":{"urlFilter":"||kkml.lt/public/var/banners/"},"id":173,"priority":10},
{"action":{"type":"block"},"condition":{"urlFilter":"||komentaras.lt/wp-content/themes/kk/img/p1_baneris.jpg"},"id":174,"priority":10},
{"action":{"type":"block"},"condition":{"urlFilter":"||komiksai.com/img_rek/"},"id":175,"priority":10},
{"action":{"type":"block"},"condition":{"urlFilter":"||kompextra.lt/image/data/182x258_kompextra.jpg"},"id":176,"priority":10},
{"action":{"type":"block"},"condition":{"urlFilter":"||kompextra.lt/image/data/reklama%20sonine/cia%20galioja%20dc%20nuolaida.jpg"},"id":177,"priority":10},
{"action":{"type":"block"},"condition":{"urlFilter":"||kosmetikos.lt/images/zenklai/"},"id":178,"priority":10},
{"action":{"type":"block"},"condition":{"urlFilter":"||krastietis.lt/wp-content/uploads/ekolaome.png"},"id":179,"priority":10},
{"action":{"type":"block"},"condition":{"urlFilter":"||krastietis.lt/wp-content/uploads/tic-big.png"},"id":180,"priority":10},
{"action":{"type":"block"},"condition":{"urlFilter":"||krepsininkas.net/pav/e-parduotuve.gif"},"id":181,"priority":10},
{"action":{"type":"block"},"condition":{"urlFilter":"||kronika.lt/images/balandis2014/zaizdos_1.gif"},"id":182,"priority":10},
{"action":{"type":"block"},"condition":{"urlFilter":"||kronika.lt/images/begimas.jpg"},"id":183,"priority":10},
{"action":{"type":"block"},"condition":{"urlFilter":"||kronika.lt/images/untitled.jpg"},"id":184,"priority":10},
{"action":{"type":"block"},"condition":{"urlFilter":"||kursenuparapija.lt/wp-content/uploads/logo/logo_m-studija.gif"},"id":185,"priority":10},
{"action":{"type":"block"},"condition":{"urlFilter":"||kursenuparapija.lt/wp-content/uploads/logo/logo_marijos-r.gif"},"id":186,"priority":10},
{"action":{"type":"block"},"condition":{"urlFilter":"||kursenuparapija.lt/wp-content/uploads/logo/logo_pakuta.gif"},"id":187,"priority":10},
{"action":{"type":"block"},"condition":{"urlFilter":"||kursenuparapija.lt/wp-content/uploads/logo/logo_vatikano-r.gif"},"id":188,"priority":10},
{"action":{"type":"block"},"condition":{"urlFilter":"||kvitrina.lt/kv/updir/*-150x150.jpg^"},"id":189,"priority":10},
{"action":{"type":"block"},"condition":{"urlFilter":"||kvitrina.lt/kv/updir/*-536x*-536x*.jpeg^"},"id":190,"priority":10},
{"action":{"type":"block"},"condition":{"urlFilter":"||kvitrina.lt/kv/updir/*-reklama-*.jpg^"},"id":191,"priority":10},
{"action":{"type":"block"},"condition":{"urlFilter":"||kvitrina.lt/kv/updir/*/150x150.jpg^"},"id":192,"priority":10},
{"action":{"type":"block"},"condition":{"urlFilter":"||kvitrina.lt/kv/updir/*/a00*.jpeg^"},"id":193,"priority":10},
{"action":{"type":"block"},"condition":{"urlFilter":"||kvitrina.lt/kv/updir/*/btn-*.jpeg^"},"id":194,"priority":10},
{"action":{"type":"block"},"condition":{"urlFilter":"||kvitrina.lt/kv/updir/2015/07/mineral_spa_logo-*.jpg^"},"id":195,"priority":10},
{"action":{"type":"block"},"condition":{"urlFilter":"||kvitrina.lt/kv/updir/201*/*-536x*.jpg^"},"id":196,"priority":10},
{"action":{"type":"block"},"condition":{"urlFilter":"||kvitrina.lt/kv/updir/2020/07/*stovykla*.jpg"},"id":197,"priority":10},
{"action":{"type":"block"},"condition":{"urlFilter":"||kvitrina.lt/kv/updir/2020/08/*_2019_*.jpg^"},"id":198,"priority":10},
{"action":{"type":"block"},"condition":{"urlFilter":"||l2j.lt/ads/"},"id":199,"priority":10},
{"action":{"type":"block"},"condition":{"urlFilter":"||l2r.xz.lt/l2rbanners/"},"id":200,"priority":10},
{"action":{"type":"block"},"condition":{"urlFilter":"||l2servers.com/promo"},"id":201,"priority":10},
{"action":{"type":"block"},"condition":{"urlFilter":"||laisvaslaikrastis.lt/images/reklaminiai/"},"id":202,"priority":10},
{"action":{"type":"block"},"condition":{"urlFilter":"||lavinantys.lt/shop/out/oxbaseshop/html/2/images"},"id":203,"priority":10},
{"action":{"type":"block"},"condition":{"urlFilter":"||legacy.flirtas.lt/alfa/users_block/"},"id":204,"priority":10},
{"action":{"type":"block"},"condition":{"urlFilter":"||lilijairsaulius.ucoz.de/ikonos/unbenannt.png"},"id":205,"priority":10},
{"action":{"type":"block"},"condition":{"urlFilter":"||lineager.lt/images/kyc1.gif"},"id":206,"priority":10},
{"action":{"type":"block"},"condition":{"urlFilter":"||lineager.lt/images/kyc2.jpg"},"id":207,"priority":10},
{"action":{"type":"block"},"condition":{"urlFilter":"||lkl.lt/wp-content/themes/lkl/js/fancybox/jquery.fancybox.pack.js"},"id":208,"priority":10},
{"action":{"type":"block"},"condition":{"urlFilter":"||lmg.lt/kiti/img/vip_reklama2.png"},"id":209,"priority":10},
{"action":{"type":"block"},"condition":{"urlFilter":"||lombas.lt/image/gmx/"},"id":210,"priority":10},
{"action":{"type":"block"},"condition":{"urlFilter":"||lova.lt/files/uploads/images/sitefriends/"},"id":211,"priority":10},
{"action":{"type":"block"},"condition":{"urlFilter":"||lova.lt/uno/bigbank_"},"id":212,"priority":10},
{"action":{"type":"block"},"condition":{"urlFilter":"||lt.tonybet.com/tonybetpoker?trc="},"id":213,"priority":10},
{"action":{"type":"block"},"condition":{"urlFilter":"||lyderis.eu/wp-content/uploads/2010/11/ll_logo2_300_50.png"},"id":214,"priority":10},
{"action":{"type":"block"},"condition":{"urlFilter":"||lyderis.eu/wp-content/uploads/2010/11/logo-1.jpg"},"id":215,"priority":10},
{"action":{"type":"block"},"condition":{"urlFilter":"||lyderis.eu/wp-content/uploads/2011/10/agito300x300.gif"},"id":216,"priority":10},
{"action":{"type":"block"},"condition":{"urlFilter":"||lzinios.lt/lzinios/failai/video/"},"id":217,"priority":10},
{"action":{"type":"block"},"condition":{"urlFilter":"||macpartija.lt/images/stories/ishop.png"},"id":218,"priority":10},
{"action":{"type":"block"},"condition":{"urlFilter":"||macpartija.lt/images/stories/telefix_175x80.png"},"id":219,"priority":10},
{"action":{"type":"block"},"condition":{"urlFilter":"||maistobankas.lt/uploads/user/image/maisto-svaistymas-naujas.gif"},"id":220,"priority":10},
{"action":{"type":"block"},"condition":{"urlFilter":"||maldeikiene.lt/wp-content/uploads/2015/10/pensijosfondas.lt_.png"},"id":221,"priority":10},
{"action":{"type":"block"},"condition":{"urlFilter":"||mama.lt/uploads/ugallery/photos/ad/bb/8a/2f/adbb8a2f2310e49a3958169037e7d057.jpg"},"id":222,"priority":10},
{"action":{"type":"block"},"condition":{"urlFilter":"||mamairvaikas.lt/tvs/failai/2012/08/moteris-info2-e1345913451356.jpg"},"id":223,"priority":10},
{"action":{"type":"block"},"condition":{"urlFilter":"||mamosgidas.lt/uploads/images/modifast.jpg"},"id":224,"priority":10},
{"action":{"type":"block"},"condition":{"urlFilter":"||mamosgidas.lt/uploads/images/ngc2.gif"},"id":225,"priority":10},
{"action":{"type":"block"},"condition":{"urlFilter":"||mamoszurnalas.lt/multisites/mamoszurnalas/images/stories/logotipai/ikimpokyklinis.jpg"},"id":226,"priority":10},
{"action":{"type":"block"},"condition":{"urlFilter":"||manonamai.lt/newsfeed/"},"id":227,"priority":10},
{"action":{"type":"block"},"condition":{"urlFilter":"||masazonamai.lt/imunitetas.gif"},"id":228,"priority":10},
{"action":{"type":"block"},"condition":{"urlFilter":"||masazonamai.lt/kleopatra%2060x120.jpg"},"id":229,"priority":10},
{"action":{"type":"block"},"condition":{"urlFilter":"||medicina.lt/r/"},"id":230,"priority":10},
{"action":{"type":"block"},"condition":{"urlFilter":"||meileslegendos.lt/wp-content/uploads/2014/02/fotografas.png"},"id":231,"priority":10},
{"action":{"type":"block"},"condition":{"urlFilter":"||meileslegendos.lt/wp-content/uploads/2014/02/mergvakario-baneris_legendos.jpg"},"id":232,"priority":10},
{"action":{"type":"block"},"condition":{"urlFilter":"||meileslegendos.lt/wp-content/uploads/2014/03/vestuviu-fotografai.jpg"},"id":233,"priority":10},
{"action":{"type":"block"},"condition":{"urlFilter":"||meileslegendos.lt/wp-content/uploads/2014/04/ivory.png"},"id":234,"priority":10},
{"action":{"type":"block"},"condition":{"urlFilter":"||meniu.lt/uploads/user_images/ozonas_virselis_maistas_250pix.jpg"},"id":235,"priority":10},
{"action":{"type":"block"},"condition":{"urlFilter":"||meniu.lt/uploads/user_images/rv41_cover.jpg"},"id":236,"priority":10},
{"action":{"type":"block"},"condition":{"urlFilter":"||meteoprog.lt/lt/informerget/?type=4&city[]=gargzdai&color=e45700&txtcolor=ffff00&day=tommorow"},"id":237,"priority":10},
{"action":{"type":"block"},"condition":{"urlFilter":"||miestugatves.lt/nuolaida-"},"id":238,"priority":10},
{"action":{"type":"block"},"condition":{"urlFilter":"||minfo.lt/img/dovana-dukrai.jpg"},"id":239,"priority":10},
{"action":{"type":"block"},"condition":{"urlFilter":"||minfo.lt/img/horizontal_main.jpg"},"id":240,"priority":10},
{"action":{"type":"block"},"condition":{"urlFilter":"||minfo.lt/img/laiminga.png"},"id":241,"priority":10},
{"action":{"type":"block"},"condition":{"urlFilter":"||minfo.lt/img/muscle.gif"},"id":242,"priority":10},
{"action":{"type":"block"},"condition":{"urlFilter":"||minfo.lt/img/vertical_"},"id":243,"priority":10},
{"action":{"type":"block"},"condition":{"urlFilter":"||minfo.lt/img/zaidimas.jpg"},"id":244,"priority":10},
{"action":{"type":"block"},"condition":{"urlFilter":"||miskobirza.lt/images/news/baneris1_120x60[1].jpg"},"id":245,"priority":10},
{"action":{"type":"block"},"condition":{"urlFilter":"||miskobirza.lt/images/texts/ad"},"id":246,"priority":10},
{"action":{"type":"block"},"condition":{"urlFilter":"||miskobirza.lt/images/texts/miskui_lt_90x55_1[1].jpg"},"id":247,"priority":10},
{"action":{"type":"block"},"condition":{"urlFilter":"||miskobirza.lt/images/texts/sanit.jpg"},"id":248,"priority":10},
{"action":{"type":"block"},"condition":{"urlFilter":"||miskobirza.lt/images/users_ads/"},"id":249,"priority":10},
{"action":{"type":"block"},"condition":{"urlFilter":"||miskui.lt/images/news/sip-1.jpg"},"id":250,"priority":10},
{"action":{"type":"block"},"condition":{"urlFilter":"||monetupiramide.lt/skydelis-150.png"},"id":251,"priority":10},
{"action":{"type":"block"},"condition":{"urlFilter":"||mususavaite.lt/wp-content/uploads/2014/05/aeroklubas.png"},"id":252,"priority":10},
{"action":{"type":"block"},"condition":{"urlFilter":"||mususavaite.lt/wp-content/uploads/2014/05/miesto_dienos.png"},"id":253,"priority":10},
{"action":{"type":"block"},"condition":{"urlFilter":"||nailbar.lt/images/stories/nuolaidos/"},"id":254,"priority":10},
{"action":{"type":"block"},"condition":{"urlFilter":"||nesijuok.lt/images/buliausgalia.gif"},"id":255,"priority":10},
{"action":{"type":"block"},"condition":{"urlFilter":"||niekonaujo.lt/wp-content/uploads/2010/12/serveriai_logo.png"},"id":256,"priority":10},
{"action":{"type":"block"},"condition":{"urlFilter":"||nuotykiu-lenktynes.pramoguslenis.lt/failai/iliustracijos/2013/generalinis_kas.gif"},"id":257,"priority":10},
{"action":{"type":"block"},"condition":{"urlFilter":"||nuotykiu-lenktynes.pramoguslenis.lt/failai/iliustracijos/2014/pagr_remejai_aic-imenza_s-sportas.gif"},"id":258,"priority":10},
{"action":{"type":"block"},"condition":{"urlFilter":"||nuotykiu-lenktynes.pramoguslenis.lt/failai/iliustracijos/2014/s_sportas_logotipas_horizontalus_small.jpg"},"id":259,"priority":10},
{"action":{"type":"block"},"condition":{"urlFilter":"||nuotykiu-lenktynes.pramoguslenis.lt/failai/iliustracijos/2014/smapro.jpg"},"id":260,"priority":10},
{"action":{"type":"block"},"condition":{"urlFilter":"||nuotykiu-lenktynes.pramoguslenis.lt/failai/iliustracijos/aic%20logo%20copy_2.jpg"},"id":261,"priority":10},
{"action":{"type":"block"},"condition":{"urlFilter":"||nyksciai.lt/images/*_200x200*.gif"},"id":262,"priority":10},
{"action":{"type":"block"},"condition":{"urlFilter":"||nyksciai.lt/images/1551.jpg"},"id":263,"priority":10},
{"action":{"type":"block"},"condition":{"urlFilter":"||nyksciai.lt/images/a_k_banner1.jpg"},"id":264,"priority":10},
{"action":{"type":"block"},"condition":{"urlFilter":"||nyksciai.lt/images/anyksciu_vandenys_160.jpg"},"id":265,"priority":10},
{"action":{"type":"block"},"condition":{"urlFilter":"||nyksciai.lt/images/anyksciu_vynas_2014_1.gif"},"id":266,"priority":10},
{"action":{"type":"block"},"condition":{"urlFilter":"||nyksciai.lt/images/baidariu_nuoma.gif"},"id":267,"priority":10},
{"action":{"type":"block"},"condition":{"urlFilter":"||nyksciai.lt/images/edox_200x91.gif"},"id":268,"priority":10},
{"action":{"type":"block"},"condition":{"urlFilter":"||nyksciai.lt/images/futbolo_sporto_klubas.jpg"},"id":269,"priority":10},
{"action":{"type":"block"},"condition":{"urlFilter":"||nyksciai.lt/images/jaros_prekyba_140403_1.gif"},"id":270,"priority":10},
{"action":{"type":"block"},"condition":{"urlFilter":"||nyksciai.lt/images/kompeksa_200x150"},"id":271,"priority":10},
{"action":{"type":"block"},"condition":{"urlFilter":"||nyksciai.lt/images/nominacijos.gif"},"id":272,"priority":10},
{"action":{"type":"block"},"condition":{"urlFilter":"||nyksciai.lt/images/nyksciai_168x91.gif"},"id":273,"priority":10},
{"action":{"type":"block"},"condition":{"urlFilter":"||nyksciai.lt/images/res_banner.jpg"},"id":274,"priority":10},
{"action":{"type":"block"},"condition":{"urlFilter":"||nyksciai.lt/images/sportas_1.jpg"},"id":275,"priority":10},
{"action":{"type":"block"},"condition":{"urlFilter":"||nyksciai.lt/images/sveikatos_oaze_982x110new1"},"id":276,"priority":10},
{"action":{"type":"block"},"condition":{"urlFilter":"||offers.webitas.lt/o-images"},"id":277,"priority":10},
{"action":{"type":"block"},"condition":{"urlFilter":"||opti-myst.lt/wp-content/uploads/2014/05/linava_2.jpg"},"id":278,"priority":10},
{"action":{"type":"block"},"condition":{"urlFilter":"||pasidarykpats.eu/wp-content/uploads/2012/09/pasidaryk120.png"},"id":279,"priority":10},
{"action":{"type":"block"},"condition":{"urlFilter":"||pasidarykpats.eu/wp-content/uploads/2012/09/pasidaryk468.png"},"id":280,"priority":10},
{"action":{"type":"block"},"condition":{"urlFilter":"||perku.lt/uploads/taupiems_tapetas.gif"},"id":281,"priority":10},
{"action":{"type":"block"},"condition":{"urlFilter":"||15min.lt/static/cache/*adblock*.jpg|"},"id":282,"priority":10},
{"action":{"type":"block"},"condition":{"urlFilter":"||perkuvaikui.lt/media/upload/image/beautyline%20ban%20180x180.jpg"},"id":283,"priority":10},
{"action":{"type":"block"},"condition":{"urlFilter":"||perkuvaikui.lt/media/upload/image/kaimai_lt(2).jpg"},"id":284,"priority":10},
{"action":{"type":"block"},"condition":{"urlFilter":"||perkuvaikui.lt/media/upload/image/mamu%20unija-1.png"},"id":285,"priority":10},
{"action":{"type":"block"},"condition":{"urlFilter":"||perkuvaikui.lt/media/upload/image/mokinukas(1).gif"},"id":286,"priority":10},
{"action":{"type":"block"},"condition":{"urlFilter":"||perkuvaikui.lt/media/upload/image/perku%20vaikui1.jpg"},"id":287,"priority":10},
{"action":{"type":"block"},"condition":{"urlFilter":"||perkuvaikui.lt/media/upload/image/zappy%20baneris%20180x120_frame_2.jpg"},"id":288,"priority":10},
{"action":{"type":"block"},"condition":{"urlFilter":"||perkuvaikui.lt/media/wysiwyg/artmanija%20dovanos-04.jpg"},"id":289,"priority":10},
{"action":{"type":"block"},"condition":{"urlFilter":"||pho.lt/wp-content/uploads/2009/10/logo.jpg"},"id":290,"priority":10},
{"action":{"type":"block"},"condition":{"urlFilter":"||pho.lt/wp-content/uploads/2009/10/musu_paveldas_150x300.gif"},"id":291,"priority":10},
{"action":{"type":"block"},"condition":{"urlFilter":"||pho.lt/wp-content/uploads/2010/11/300_250px_fotonuoma.gif"},"id":292,"priority":10},
{"action":{"type":"block"},"condition":{"urlFilter":"||pho.lt/wp-content/uploads/2012/06/idomiausios-knygos.jpg"},"id":293,"priority":10},
{"action":{"type":"block"},"condition":{"urlFilter":"||pics.livejournal.com/yourprivatehell/pic/00050ypw"},"id":294,"priority":10},
{"action":{"type":"block"},"condition":{"urlFilter":"||pirkanglijoje.lt/wp-content/themes/pirkebay/images/regi.png"},"id":295,"priority":10},
{"action":{"type":"block"},"condition":{"urlFilter":"||pirkpigiau.lt/shop/images/shop/banners-"},"id":296,"priority":10},
{"action":{"type":"block"},"condition":{"urlFilter":"||pixolain.lt/images/stories/peliuko.jpg"},"id":297,"priority":10},
{"action":{"type":"block"},"condition":{"urlFilter":"||pokalbis.narod.ru/ismok.gif"},"id":298,"priority":10},
{"action":{"type":"block"},"condition":{"urlFilter":"||pokalbis.narod.ru/lietuva_laisva.gif"},"id":299,"priority":10},
{"action":{"type":"block"},"condition":{"urlFilter":"||pramogu.lt/pramogult.png"},"id":300,"priority":10},
{"action":{"type":"block"},"condition":{"urlFilter":"||prekes.suaugusiems.lt/shop/affiliateframe.html"},"id":301,"priority":10},
{"action":{"type":"block"},"condition":{"urlFilter":"||priejuros.lt/admin/uploads/baneriai_right"},"id":302,"priority":10},
{"action":{"type":"block"},"condition":{"urlFilter":"||priejuros.lt/imgs/issinuomosiu.gif"},"id":303,"priority":10},
{"action":{"type":"block"},"condition":{"urlFilter":"||prokuraturos.lt/portals/0/skins/lrgp/images/banner1.gif"},"id":304,"priority":10},
{"action":{"type":"block"},"condition":{"urlFilter":"||prokuraturos.lt/portals/0/skins/lrgp/images/patarimai.gif"},"id":305,"priority":10},
{"action":{"type":"block"},"condition":{"urlFilter":"||psichika.eu/wp-content/uploads/1/terapija.jpg"},"id":306,"priority":10},
{"action":{"type":"block"},"condition":{"urlFilter":"||psichika.eu/wp-content/uploads/2014/07/valgymo-sutrikimai.jpg"},"id":307,"priority":10},
{"action":{"type":"block"},"condition":{"urlFilter":"||pzemaitis.lt/wp-content/uploads/2013/06/vmi/"},"id":308,"priority":10},
{"action":{"type":"block"},"condition":{"urlFilter":"||r.diena.lt/i/co-sites/"},"id":309,"priority":10},
{"action":{"type":"block"},"condition":{"urlFilter":"||r1.lt/paveiksliukai/*.png"},"id":310,"priority":10},
{"action":{"type":"block"},"condition":{"urlFilter":"||r1.lt/wp-content/uploads/2013/04/fontanas-v-195x168.jpg"},"id":311,"priority":10},
{"action":{"type":"block"},"condition":{"urlFilter":"||rcdrift.lt/2010-07-29/plakatas%20(1).jpg"},"id":312,"priority":10},
{"action":{"type":"block"},"condition":{"urlFilter":"||rcdrift.lt/putinukas.png"},"id":313,"priority":10},
{"action":{"type":"block"},"condition":{"urlFilter":"||rcmodelis.lt/styles/hestia/theme/images/propeleris.png"},"id":314,"priority":10},
{"action":{"type":"block"},"condition":{"urlFilter":"||receptumedis.lt/wordpress/wp-content/uploads/2012/04/untitled.jpg"},"id":315,"priority":10},
{"action":{"type":"block"},"condition":{"urlFilter":"||receptumedis.lt/wordpress/wp-content/uploads/2013/03/numeris7pavasaris2013virselis.jpg"},"id":316,"priority":10},
{"action":{"type":"block"},"condition":{"urlFilter":"||redo.lt/galery/_redo/page/klaipedos_info20110506.png"},"id":317,"priority":10},
{"action":{"type":"block"},"condition":{"urlFilter":"||reitingai.eu/draugai/"},"id":318,"priority":10},
{"action":{"type":"block"},"condition":{"urlFilter":"||rimi.lt/assets/upload/userfiles/images/background/frette%20fonas%201600x970-3.jpg"},"id":319,"priority":10},
{"action":{"type":"block"},"condition":{"urlFilter":"||rkdragunas.lt/ip_themes/dragunas/rk_pav/"},"id":320,"priority":10},
{"action":{"type":"block"},"condition":{"urlFilter":"||rkl.lt/15min/index.php"},"id":321,"priority":10},
{"action":{"type":"block"},"condition":{"urlFilter":"||russianamerica.com/top/logo/index.php?id=5983"},"id":322,"priority":10},
{"action":{"type":"block"},"condition":{"urlFilter":"||s1.15cdn.lt/img/banners/knorr/knorr_oru_ikonele.png"},"id":323,"priority":10},
{"action":{"type":"block"},"condition":{"urlFilter":"||s1.postimage.org/xh5bk9p2n/siuntos_200x200.jpg"},"id":324,"priority":10},
{"action":{"type":"block"},"condition":{"urlFilter":"||s2.15cdn.lt/images/infoblocks/vaiva-cili-535f717dc89e7.jpg"},"id":325,"priority":10},
{"action":{"type":"block"},"condition":{"urlFilter":"||s2.15cdn.lt/images/infoblocks/versli-lietuva-5371f4a560b08.jpg"},"id":326,"priority":10},
{"action":{"type":"block"},"condition":{"urlFilter":"||savaite.lt/uploads/bnr/"},"id":327,"priority":10},
{"action":{"type":"block"},"condition":{"urlFilter":"||seksas.us/rek/*.jpg"},"id":328,"priority":10},
{"action":{"type":"block"},"condition":{"urlFilter":"||selonija.lt/selonija_draugai/"},"id":329,"priority":10},
{"action":{"type":"block"},"condition":{"urlFilter":"||sgg.lt/uploads/images/sgg120x60.jpg"},"id":330,"priority":10},
{"action":{"type":"block"},"condition":{"urlFilter":"||silaine.lt/kase/silokarcema2.gif"},"id":331,"priority":10},
{"action":{"type":"block"},"condition":{"urlFilter":"||silaine.lt/m/wp-content/uploads/2013/11/mla-2.gif"},"id":332,"priority":10},
{"action":{"type":"block"},"condition":{"urlFilter":"||siloaidas.lt/wp-content/uploads/2012/12/logotipas1.jpg"},"id":333,"priority":10},
{"action":{"type":"block"},"condition":{"urlFilter":"||skaiciuokle.gf.lt/calculators/display"},"id":334,"priority":10},
{"action":{"type":"block"},"condition":{"urlFilter":"||skelbiu-files.dgn.lt/blplc_0_"},"id":335,"priority":10},
{"action":{"type":"block"},"condition":{"urlFilter":"||skrastas.lt/galery/_skrastas/banners/"},"id":336,"priority":10},
{"action":{"type":"block"},"condition":{"urlFilter":"||smartseo.lt/*.png"},"id":337,"priority":10},
{"action":{"type":"block"},"condition":{"urlFilter":"||solisun.lt/?_nm_shot=files.1.2-329&_nm_nosession=1"},"id":338,"priority":10},
{"action":{"type":"block"},"condition":{"urlFilter":"||spainetosdraudimas.lt/uploads/images/banner"},"id":339,"priority":10},
{"action":{"type":"block"},"condition":{"urlFilter":"||spainetosdraudimas.lt/uploads/images/sadomaksa_ct_cs.gif"},"id":340,"priority":10},
{"action":{"type":"block"},"condition":{"urlFilter":"||spainetosdraudimas.lt/uploads/images/vart-ban-220x100(1)b.jpg"},"id":341,"priority":10},
{"action":{"type":"block"},"condition":{"urlFilter":"||spargalka.lt/images/filmai.gif"},"id":342,"priority":10},
{"action":{"type":"block"},"condition":{"urlFilter":"||spausdink-ilgiau.lt/image/cache/data/img/mokilizingas-182x182-182x182.png"},"id":343,"priority":10},
{"action":{"type":"block"},"condition":{"urlFilter":"||sport24.lt/uploads/net4.png"},"id":344,"priority":10},
{"action":{"type":"block"},"condition":{"urlFilter":"||sportas.lt/uploads/image/03_klasika_2200x1024.jpg"},"id":345,"priority":10},
{"action":{"type":"block"},"condition":{"urlFilter":"||sportas.lt/uploads/image/naujasis%20tapetas%20be%20vir%c5%a1aus.jpg"},"id":346,"priority":10},
{"action":{"type":"block"},"condition":{"urlFilter":"||suaugusiems.lt/uploads/affiliates/"},"id":347,"priority":10},
{"action":{"type":"block"},"condition":{"urlFilter":"||suru.lt/srwrd/wp-content/themes/scarlett/images/sponsors/lelo_pleasure_objects.png"},"id":348,"priority":10},
{"action":{"type":"block"},"condition":{"urlFilter":"||suru.lt/srwrd/wp-content/uploads/mbanner/banners/"},"id":349,"priority":10},
{"action":{"type":"block"},"condition":{"urlFilter":"||suvalkai.lt/wp-content/uploads/2014/bigbus.gif^"},"id":350,"priority":10},
{"action":{"type":"block"},"condition":{"urlFilter":"||sveikatosabc.lt/templates/main/images/skradio.jpg"},"id":351,"priority":10},
{"action":{"type":"block"},"condition":{"urlFilter":"||tavovaikams.lt//cshowimage/augantys_rasomieji_stalai_vaikams_akcija6264s.jpg/165/170"},"id":352,"priority":10},
{"action":{"type":"block"},"condition":{"urlFilter":"||tavovaikams.lt//cshowimage/mamairvaik._180_5207s.jpg/165/170"},"id":353,"priority":10},
{"action":{"type":"block"},"condition":{"urlFilter":"||technologijos.lt/archyvas/skydeliai_mainams/"},"id":354,"priority":10},
{"action":{"type":"block"},"condition":{"urlFilter":"||technologijos.lt/infoblocken"},"id":355,"priority":10},
{"action":{"type":"block"},"condition":{"urlFilter":"||technologijos.lt/n/iframe_baneris"},"id":356,"priority":10},
{"action":{"type":"block"},"condition":{"urlFilter":"||technologijos.lt/n/url/straipsnio_viduje/iframe_baneris"},"id":357,"priority":10},
{"action":{"type":"block"},"condition":{"urlFilter":"||technologijos.lt/upload/image/n/iliustracijos/skelbimu_logotipai/ban/"},"id":358,"priority":10},
{"action":{"type":"block"},"condition":{"urlFilter":"||technologijos.lt/upload/image/iliustracijos/ivairus^"},"id":359,"priority":10},
{"action":{"type":"block"},"condition":{"urlFilter":"||tekstai.lt/images/stories/draugai/"},"id":360,"priority":10},
{"action":{"type":"block"},"condition":{"urlFilter":"||teo.lt/akcijoms/uzsakymoformos/kontaktai3.php?no_close"},"id":361,"priority":10},
{"action":{"type":"block"},"condition":{"urlFilter":"||tevu-darzelis.lt/img/hot-stuff/happeak-ispardavimas.jpg"},"id":362,"priority":10},
{"action":{"type":"block"},"condition":{"initiatorDomains":["ermitazas.lt","gitana.lt","itwork.lt","kmobiles.lt","www.topocentras.lt"],"requestDomains":["skaiciuokles.inbank.lt"]},"id":363,"priority":10},
{"action":{"type":"block"},"condition":{"urlFilter":"||themusic.lt/images/geramada12x120.gif"},"id":364,"priority":10},
{"action":{"type":"block"},"condition":{"urlFilter":"||themusic.lt/images/imknuolaida2.png"},"id":365,"priority":10},
{"action":{"type":"block"},"condition":{"urlFilter":"||themusic.lt/images/thesport.png"},"id":366,"priority":10},
{"action":{"type":"block"},"condition":{"urlFilter":"||themusic.lt/images/vienisi.png"},"id":367,"priority":10},
{"action":{"type":"block"},"condition":{"urlFilter":"||tiketa.lt/files/2014.04/id_18980.jpg"},"id":368,"priority":10},
{"action":{"type":"block"},"condition":{"urlFilter":"||tinypic.com/2yos7f7.png"},"id":369,"priority":10},
{"action":{"type":"block"},"condition":{"urlFilter":"||tinypic.com/k4vxvm.gif"},"id":370,"priority":10},
{"action":{"type":"block"},"condition":{"urlFilter":"||torentai.lt/pic/ldiena.png"},"id":371,"priority":10},
{"action":{"type":"block"},"condition":{"urlFilter":"||torentai.lt/pic/logo_mazas.png"},"id":372,"priority":10},
{"action":{"type":"block"},"condition":{"urlFilter":"||torrent.ai/*/advise/"},"id":373,"priority":10},
{"action":{"type":"block"},"condition":{"urlFilter":"||torrent.lt/*/advise/"},"id":374,"priority":10},
{"action":{"type":"block"},"condition":{"urlFilter":"||toxnet.nlm.nih.gov/help/widget/lactmed_widget_large.html"},"id":375,"priority":10},
{"action":{"type":"block"},"condition":{"urlFilter":"||transplantacija.lt/images/15min.png"},"id":376,"priority":10},
{"action":{"type":"block"},"condition":{"urlFilter":"||transplantacija.lt/images/novartis.png"},"id":377,"priority":10},
{"action":{"type":"block"},"condition":{"urlFilter":"||travianas.lt/images/2007/zaidimai-01.gif"},"id":378,"priority":10},
{"action":{"type":"block"},"condition":{"urlFilter":"||travianas.lt/images/2008/travian-lt-03.jpg"},"id":379,"priority":10},
{"action":{"type":"block"},"condition":{"urlFilter":"||triada.lt/image/data/image001.png"},"id":380,"priority":10},
{"action":{"type":"block"},"condition":{"urlFilter":"||triada.lt/image/data/lazer-250x250-1.jpg"},"id":381,"priority":10},
{"action":{"type":"block"},"condition":{"urlFilter":"||trl.lt/di-jqox06.jpg"},"id":382,"priority":10},
{"action":{"type":"block"},"condition":{"urlFilter":"||tv3.lt/uploads/2454399.jpg"},"id":383,"priority":10},
{"action":{"type":"block"},"condition":{"urlFilter":"||tv3.lt/uploads/banner_300x250(1).png"},"id":384,"priority":10},
{"action":{"type":"block"},"condition":{"urlFilter":"||tv3.lt/uploads/image/000/indeliailt_baneris__300x200.jpg"},"id":385,"priority":10},
{"action":{"type":"block"},"condition":{"urlFilter":"||tv3.lt/uploads/image/pwr.jpg"},"id":386,"priority":10},
{"action":{"type":"block"},"condition":{"urlFilter":"||tv3.lt/uploads/kalediniai_dm_tapetas.jpg"},"id":387,"priority":10},
{"action":{"type":"block"},"condition":{"urlFilter":"||tv3.lt/uploads/wp_danai.jpg"},"id":388,"priority":10},
{"action":{"type":"block"},"condition":{"urlFilter":"||twickerz.com/banner/125x125.gif"},"id":389,"priority":10},
{"action":{"type":"block"},"condition":{"urlFilter":"||ubl.lt/skaiciuokle/calculator.php"},"id":390,"priority":10},
{"action":{"type":"block"},"condition":{"urlFilter":"||urmas.net/upload/rk/"},"id":391,"priority":10},
{"action":{"type":"block"},"condition":{"urlFilter":"||vairuokime.lt/img/lyoness.png"},"id":392,"priority":10},
{"action":{"type":"block"},"condition":{"urlFilter":"||valstietis.lt/bn/"},"id":393,"priority":10},
{"action":{"type":"block"},"condition":{"urlFilter":"||veberis.com/banner/"},"id":394,"priority":10},
{"action":{"type":"block"},"condition":{"urlFilter":"||veberis.com/foto/balionucentras/balionai.jpg"},"id":395,"priority":10},
{"action":{"type":"block"},"condition":{"urlFilter":"||veberis.com/images/virselis_26.jpg"},"id":396,"priority":10},
{"action":{"type":"block"},"condition":{"urlFilter":"||vendors.lt/pics/dumblascom.gif"},"id":397,"priority":10},
{"action":{"type":"block"},"condition":{"urlFilter":"||vendors.lt/pics/hero.png"},"id":398,"priority":10},
{"action":{"type":"block"},"condition":{"urlFilter":"||vendors.lt/pics/linkuva.gif"},"id":399,"priority":10},
{"action":{"type":"block"},"condition":{"urlFilter":"||versijos.lt/wp-content/uploads/2015/07/parama-tinklapiui.jpg"},"id":400,"priority":10},
{"action":{"type":"block"},"condition":{"urlFilter":"||verslovirusas.lt/wp-content/uploads/2013/10/logovisi.png"},"id":401,"priority":10},
{"action":{"type":"block"},"condition":{"urlFilter":"||vienaturis.lt/detales2.gif"},"id":402,"priority":10},
{"action":{"type":"block"},"condition":{"urlFilter":"||viktorijosvestuves.lt/blog/wp-content/uploads/2011/10/fotoperlas.jpg"},"id":403,"priority":10},
{"action":{"type":"block"},"condition":{"urlFilter":"||viktorijosvestuves.lt/blog/wp-content/uploads/2013/07/idw.png"},"id":404,"priority":10},
{"action":{"type":"block"},"condition":{"urlFilter":"||vilniaus-turtas.lt/images/isikelk.gif"},"id":405,"priority":10},
{"action":{"type":"block"},"condition":{"urlFilter":"||vilniausgidas.lt/wp-content/uploads/2013/05/vorutos-logo.jpg"},"id":406,"priority":10},
{"action":{"type":"block"},"condition":{"urlFilter":"||vilniausgidas.lt/wp-content/uploads/2013/06/g.clips_.png"},"id":407,"priority":10},
{"action":{"type":"block"},"condition":{"urlFilter":"||visalietuva.lt/companies/banners/"},"id":408,"priority":10},
{"action":{"type":"block"},"condition":{"urlFilter":"||viskasvestuvems.eu/images/paslaugos/patalpos/alauso/alausoslenis.gif"},"id":409,"priority":10},
{"action":{"type":"block"},"condition":{"urlFilter":"||vz.lt/images/publicationimages/c8e2a76c-d6ea-461b-8fa8-215a54ed4c4a.jpg"},"id":410,"priority":10},
{"action":{"type":"block"},"condition":{"urlFilter":"||vz.lt/img/logos/cv.png"},"id":411,"priority":10},
{"action":{"type":"block"},"condition":{"urlFilter":"||wad.ojooo.com/bs_b_en.php?u=226712"},"id":412,"priority":10},
{"action":{"type":"block"},"condition":{"urlFilter":"||wildcat.lt/images/wildcat_180.gif"},"id":413,"priority":10},
{"action":{"type":"block"},"condition":{"urlFilter":"||wp.com/www.myliusoda.lt/wp-content/uploads/2018/03/ali-sale.png"},"id":414,"priority":10},
{"action":{"type":"block"},"condition":{"urlFilter":"||xn--kl-9ma74a8c.lt/images/angleris.jpg"},"id":415,"priority":10},
{"action":{"type":"block"},"condition":{"urlFilter":"||xtgem.com/images/banners/32x32.gif"},"id":416,"priority":10},
{"action":{"type":"block"},"condition":{"urlFilter":"||zigzag.lt/laiskai/img/zigzag_stovyklos_280x169.jpg"},"id":417,"priority":10},
{"action":{"type":"block"},"condition":{"urlFilter":"||zindyk.lt/wp-content/themes/purple-pastels/images/mamairtetislogo.png"},"id":418,"priority":10},
{"action":{"type":"block"},"condition":{"urlFilter":"||zindyk.lt/wp-content/themes/purple-pastels/images/nesiokles.png"},"id":419,"priority":10},
{"action":{"type":"block"},"condition":{"urlFilter":"||zindymas.lt/sites/zindymas.lt/files/la_leche_banner_0.jpg"},"id":420,"priority":10},
{"action":{"type":"block"},"condition":{"urlFilter":"||zindymas.lt/sites/zindymas.lt/files/milksense.jpg"},"id":421,"priority":10},
{"action":{"type":"block"},"condition":{"urlFilter":"||zindymas.lt/sites/zindymas.lt/files/ptc-logo2.png"},"id":422,"priority":10},
{"action":{"type":"block"},"condition":{"urlFilter":"||1588.lt/web/companies/banners^"},"id":423,"priority":10},
{"action":{"type":"block"},"condition":{"urlFilter":"||vilniausskelbimai.lt/adv^"},"id":424,"priority":10},
{"action":{"type":"block"},"condition":{"initiatorDomains":["lnk.lt"],"urlFilter":"||p.jwpcdn.com/*/vast.js"},"id":425,"priority":10},
{"action":{"type":"block"},"condition":{"urlFilter":"||serveris.lnk.lt/*/ad.js?"},"id":426,"priority":10},
{"action":{"type":"block"},"condition":{"urlFilter":"||serveris.lnk.lt/*ad.xml?"},"id":427,"priority":10},
{"action":{"type":"block"},"condition":{"urlFilter":"||static.vz.lt/files/antsrauto/countsjs.php^"},"id":428,"priority":10},
{"action":{"type":"block"},"condition":{"requestDomains":["banners.igloro.info","befirstcdn.com","bms.creativepartner.lt","core.dimatter.ai","prod.one.lt","r-scale-fb.static.go3.tv","rkl.draugas.lt","skpiramide.lt","trackers.adtarget.me","trafficbass.com"]},"id":430,"priority":10},
{"action":{"type":"block"},"condition":{"resourceTypes":["image"],"urlFilter":"/reklamjuostes^"},"id":431,"priority":10},
{"action":{"type":"block"},"condition":{"initiatorDomains":["miskobirza.lt"],"resourceTypes":["image"],"urlFilter":"/images/texts/"},"id":432,"priority":10},
{"action":{"type":"block"},"condition":{"initiatorDomains":["marijosradijas.lt"],"resourceTypes":["image"],"urlFilter":"images/banners/"},"id":433,"priority":10},
{"action":{"type":"block"},"condition":{"initiatorDomains":["orai.biz"],"resourceTypes":["image"],"urlFilter":"pav/"},"id":434,"priority":10},
{"action":{"type":"block"},"condition":{"initiatorDomains":["gyvenimoguru.lt"],"resourceTypes":["image"],"urlFilter":"uploads/images/"},"id":435,"priority":10},
{"action":{"type":"block"},"condition":{"resourceTypes":["image"],"urlFilter":"||15min.lt/*_300x400-"},"id":436,"priority":10},
{"action":{"type":"block"},"condition":{"resourceTypes":["image"],"urlFilter":"||15min.lt/*_300x400px-*.jpg^"},"id":437,"priority":10},
{"action":{"type":"block"},"condition":{"resourceTypes":["image"],"urlFilter":"||15min.lt/*_baneriai_*.jpg^"},"id":438,"priority":10},
{"action":{"type":"block"},"condition":{"resourceTypes":["image"],"urlFilter":"||15min.lt/static/*/200x300_*.jpg^"},"id":439,"priority":10},
{"action":{"type":"block"},"condition":{"resourceTypes":["image"],"urlFilter":"||15min.lt/static/*/300x400-*.jpg^"},"id":440,"priority":10},
{"action":{"type":"block"},"condition":{"resourceTypes":["image"],"urlFilter":"||15min.lt/static/cache/*-adblock-banner-*.jpg^"},"id":441,"priority":10},
{"action":{"type":"block"},"condition":{"resourceTypes":["image"],"urlFilter":"||www.technologijos.lt/upload/image/iliustracijos/11/980-lt.gif"},"id":442,"priority":10},
{"action":{"type":"block"},"condition":{"resourceTypes":["image"],"urlFilter":"||elektronika.lt/*150x32_"},"id":443,"priority":10},
{"action":{"type":"block"},"condition":{"resourceTypes":["image"],"urlFilter":"||elektronika.lt/*150x32."},"id":444,"priority":10},
{"action":{"type":"block"},"condition":{"resourceTypes":["image"],"urlFilter":"||zarasuose.lt/reklama_"},"id":445,"priority":10},
{"action":{"type":"block"},"condition":{"initiatorDomains":["filmux.to"],"requestDomains":["info","world"],"resourceTypes":["xmlhttprequest"]},"id":446,"priority":10},
{"action":{"type":"block"},"condition":{"initiatorDomains":["baitukas.lt","kilobaitas.lt","primtech.lt","rigveda.lt","technoringas.lt","trajektorija.lt","valmanta.lt"],"requestDomains":["mokilizingas.lt"],"resourceTypes":["sub_frame"]},"id":447,"priority":10},
{"action":{"type":"block"},"condition":{"initiatorDomains":["avitela.lt","bigbox.lt","ermitazas.lt","fortakas.lt","itsupply.lt","iwow.lt","kilobaitas.lt","primtech.lt","skytech.lt","technorama.lt","topocentras.lt"],"resourceTypes":["sub_frame"],"urlFilter":"||sblizingas.lt/skaiciuokle/"},"id":448,"priority":10},
{"action":{"type":"block"},"condition":{"initiatorDomains":["lnk.lt"],"resourceTypes":["media"],"urlFilter":"||serveris.lnk.lt/files/x/*/*.mp4"},"id":449,"priority":10},
{"action":{"type":"block"},"condition":{"domainType":"firstParty","resourceTypes":["image"],"urlFilter":"pakalne.lt/wp-content/uploads/"},"id":450,"priority":10},
{"action":{"type":"block"},"condition":{"domainType":"firstParty","resourceTypes":["image"],"urlFilter":"||elektromarkt.lt/assets/img/marketing/940x450/"},"id":451,"priority":10},
{"action":{"type":"block"},"condition":{"domainType":"firstParty","resourceTypes":["image"],"urlFilter":"||imones.lt/companies/banners/*.gif"},"id":452,"priority":10},
{"action":{"type":"block"},"condition":{"domainType":"firstParty","resourceTypes":["image"],"urlFilter":"||imones.lt/companies/sponsors/*.gif"},"id":453,"priority":10},
{"action":{"type":"block"},"condition":{"domainType":"firstParty","resourceTypes":["image"],"urlFilter":"||itiketini-faktai.online/reklamos/"},"id":454,"priority":10},
{"action":{"type":"block"},"condition":{"domainType":"firstParty","resourceTypes":["image"],"urlFilter":"||lkl.lt/banners_new/"},"id":455,"priority":10},
{"action":{"type":"block"},"condition":{"domainType":"firstParty","resourceTypes":["image"],"urlFilter":"||static.autoplius.lt/static/images/desktop/landing_page/featured_promotion/ap_loan_promotion_08.png"},"id":456,"priority":10},
{"action":{"type":"block"},"condition":{"domainType":"firstParty","resourceTypes":["image"],"urlFilter":"||technologijos.lt/upload/image/*/980x200.jpg"},"id":457,"priority":10},
{"action":{"type":"block"},"condition":{"domainType":"firstParty","resourceTypes":["image"],"urlFilter":"||vela.lt/images/additional/footmate3.jpg"},"id":458,"priority":10},
{"action":{"type":"block"},"condition":{"domainType":"firstParty","initiatorDomains":["lrytas.lt"],"resourceTypes":["image"],"urlFilter":"||plus.lrytas.lt/staticbanners/*1200x250_300x370.jpg"},"id":459,"priority":10},
{"action":{"type":"block"},"condition":{"domainType":"firstParty","resourceTypes":["script"],"urlFilter":"||aktualu.com/pop.js"},"id":460,"priority":10},
{"action":{"type":"block"},"condition":{"domainType":"firstParty","requestDomains":["chatas.lt"],"resourceTypes":["xmlhttprequest"]},"id":461,"priority":10},
{"action":{"type":"block"},"condition":{"domainType":"thirdParty","requestDomains":["adart.hostin.lt","adbox.lt","adclick.lt","ads.one.lt","ads.vmedija.lt","adsplius.lt","adverum.lt","aj2392.online","aleja.lt","banners.adnetmedia.lt","darnipora.lt","keliones.lt","komi.lt","on-line.lt","revive.imones.lt","skaitliukas.eu","static.grupinis.lt","top100.lt"]},"id":462,"priority":10},
{"action":{"type":"block"},"condition":{"domainType":"thirdParty","excludedInitiatorDomains":["domoplius.lt"],"requestDomains":["plius.lt"]},"id":463,"priority":10},
{"action":{"type":"block"},"condition":{"domainType":"thirdParty","urlFilter":"://ad.admitad.com^"},"id":464,"priority":10},
{"action":{"type":"block"},"condition":{"domainType":"thirdParty","urlFilter":"||imones.lt/searchblocks/"},"id":465,"priority":10},
{"action":{"type":"allow"},"condition":{"initiatorDomains":["siustis.net"],"urlFilter":".png#"},"id":466,"priority":30},
{"action":{"type":"allow"},"condition":{"urlFilter":"15minlt.adocean.pl/files/js/ado.js"},"id":467,"priority":30},
{"action":{"type":"allow"},"condition":{"initiatorDomains":["lrytas.lt"],"urlFilter":"imasdk.googleapis.com^"},"id":468,"priority":30},
{"action":{"type":"allow"},"condition":{"urlFilter":"|http://skelbimai.one.lt/uploads/modules/ads/"},"id":469,"priority":30},
{"action":{"type":"allow"},"condition":{"urlFilter":"||9menesiai.lt/image/cache/data/baneriai/"},"id":470,"priority":30},
{"action":{"type":"allow"},"condition":{"urlFilter":"||apatinukai.lt/image/cache/data/baneriai/"},"id":471,"priority":30},
{"action":{"type":"allow"},"condition":{"urlFilter":"||banners.adnet.lt/i/euro_game_1.js"},"id":472,"priority":30},
{"action":{"type":"allow"},"condition":{"urlFilter":"||entitlements.jwplayer.com/*.json"},"id":473,"priority":30},
{"action":{"type":"allow"},"condition":{"urlFilter":"||eurovaistine.lt/uploads/banners/"},"id":474,"priority":30},
{"action":{"type":"allow"},"condition":{"initiatorDomains":["lrytas.lt"],"urlFilter":"||googleapis.com/js/sdkloader/ima3.js"},"id":475,"priority":30},
{"action":{"type":"allow"},"condition":{"urlFilter":"||grozionamai.lt/images/sobipro/adv/"},"id":476,"priority":30},
{"action":{"type":"allow"},"condition":{"urlFilter":"||kaunieciams.lt/miestas/"},"id":477,"priority":30},
{"action":{"type":"allow"},"condition":{"urlFilter":"||kvt.lt/ebilet.cup.static/img/header/"},"id":478,"priority":30},
{"action":{"type":"allow"},"condition":{"urlFilter":"||mega.lt/uploads/img/banners/"},"id":479,"priority":30},
{"action":{"type":"allow"},"condition":{"initiatorDomains":["play.tv3.lt"],"urlFilter":"||mssl.fwmrm.net/p/mtg_brightcove_html5/admanager.js"},"id":480,"priority":30},
{"action":{"type":"allow"},"condition":{"urlFilter":"||perlas.lt/baneriai/"},"id":481,"priority":30},
{"action":{"type":"allow"},"condition":{"urlFilter":"||perlas.lt/files/banners/"},"id":482,"priority":30},
{"action":{"type":"allow"},"condition":{"urlFilter":"||pildyk.lt/uploads/files/baneris_pildyk.jpg"},"id":483,"priority":30},
{"action":{"type":"allow"},"condition":{"urlFilter":"||play.tv3.lt/ad/banner/_adsense_/_adserver/"},"id":484,"priority":30},
{"action":{"type":"allow"},"condition":{"urlFilter":"||post.lt/bin/banners/"},"id":485,"priority":30},
{"action":{"type":"allow"},"condition":{"urlFilter":"||post.lt/files/resized/*x*/banners/"},"id":486,"priority":30},
{"action":{"type":"allow"},"condition":{"urlFilter":"||prod.one.lt/api/framesize.js"},"id":487,"priority":30},
{"action":{"type":"allow"},"condition":{"urlFilter":"||smailas.net/baneriai/"},"id":488,"priority":30},
{"action":{"type":"allow"},"condition":{"excludedInitiatorDomains":["tavovaikams.lt"],"urlFilter":"||tavovaikams.lt//images/goods/"},"id":489,"priority":30},
{"action":{"type":"allow"},"condition":{"urlFilter":"||teatras.lt/uploads/img/banners/"},"id":490,"priority":30},
{"action":{"type":"allow"},"condition":{"urlFilter":"||technologijos.lt/iframe_komentarai"},"id":491,"priority":30},
{"action":{"type":"allow"},"condition":{"urlFilter":"||telikas.biz/wp-content/uploads/2014/10/logo1.png"},"id":492,"priority":30},
{"action":{"type":"allow"},"condition":{"urlFilter":"||telikas.biz/wp-content/uploads/2015/04/test4.png"},"id":493,"priority":30},
{"action":{"type":"allow"},"condition":{"urlFilter":"||vaikutis.lt/image/cache/data/baneriai/"},"id":494,"priority":30},
{"action":{"type":"allow"},"condition":{"urlFilter":"||vaikutis.lt/image/data/baneriai/"},"id":495,"priority":30},
{"action":{"type":"allow"},"condition":{"urlFilter":"||vjs.zencdn.net/4.12.5/video.js"},"id":496,"priority":30},
{"action":{"type":"allow"},"condition":{"initiatorDomains":["inbox.lt"],"urlFilter":"://b.adbox.lv/bxlib/js/loader.js^"},"id":497,"priority":30},
{"action":{"type":"allow"},"condition":{"urlFilter":"||play.tv3.lt/static/scripts/ima3.js"},"id":498,"priority":30},
{"action":{"type":"allow"},"condition":{"initiatorDomains":["play.tv3.lt"],"urlFilter":"/events.gif?"},"id":499,"priority":30},
{"action":{"type":"allow"},"condition":{"initiatorDomains":["aina.lt"],"requestDomains":["td.setupad.com"]},"id":500,"priority":30},
{"action":{"type":"allow"},"condition":{"urlFilter":"||play.tv3.lt/static/scripts/adroot^"},"id":501,"priority":30},
{"action":{"type":"allow"},"condition":{"initiatorDomains":["vma.esec.vu.lt"],"urlFilter":"/banners*swf"},"id":502,"priority":30},
{"action":{"type":"allow"},"condition":{"urlFilter":"||skelbiu-static.dgn.lt/static/css/inside_ad.css"},"id":503,"priority":30},
{"action":{"type":"allow"},"condition":{"urlFilter":"||skelbiu-static.dgn.lt/static/js/inside_ad.js"},"id":504,"priority":30},
{"action":{"type":"allow"},"condition":{"initiatorDomains":["filmux.org"],"urlFilter":"||ufonaut.000webhostapp.com/advertisement.js"},"id":505,"priority":30},
{"action":{"type":"allow"},"condition":{"initiatorDomains":["play.tv3.lt"],"urlFilter":"||mssl.fwmrm.net/libs/adm/*/linktag2.js"},"id":506,"priority":30},
{"action":{"type":"allow"},"condition":{"initiatorDomains":["play.tv3.lt"],"urlFilter":"||v.fwmrm.net/ad/g/1?"},"id":507,"priority":30},
{"action":{"type":"allow"},"condition":{"requestDomains":["adworks.lt","manodienynas.lt","tamo.lt"]},"id":508,"priority":30},
{"action":{"type":"allow"},"condition":{"initiatorDomains":["inbox.lt"],"requestDomains":["b.adbox.lv"],"resourceTypes":["image"]},"id":509,"priority":30},
{"action":{"type":"allow"},"condition":{"initiatorDomains":["lnk.lt"],"requestDomains":["lt.adocean.pl"],"resourceTypes":["script"]},"id":510,"priority":30},
{"action":{"type":"allow"},"condition":{"initiatorDomains":["delfi.lt"],"resourceTypes":["script"],"urlFilter":"||adform.net/banners/scripts/adx.js|"},"id":511,"priority":30},
{"action":{"type":"allow"},"condition":{"resourceTypes":["xmlhttprequest"],"urlFilter":"||play.tv3.lt/ad/banner/_ad"},"id":512,"priority":30},
{"action":{"type":"allow"},"condition":{"initiatorDomains":["telia.lt"],"requestDomains":["secure.livechatinc.com"],"resourceTypes":["sub_frame"]},"id":513,"priority":30},
{"action":{"type":"allow"},"condition":{"initiatorDomains":["www.tv3.lt"],"requestDomains":["prod.one.lt"],"resourceTypes":["media"]},"id":514,"priority":30},
{"action":{"type":"allow"},"condition":{"domainType":"firstParty","requestDomains":["td.setupad.com"]},"id":515,"priority":30},
{"action":{"type":"allow"},"condition":{"domainType":"thirdParty","initiatorDomains":["alfa.lt","lnkgo.lt"],"requestDomains":["hit.gemius.pl"]},"id":516,"priority":30},
{"action":{"type":"allow"},"condition":{"domainType":"thirdParty","initiatorDomains":["vz.lt"],"requestDomains":["sascdn.com"]},"id":517,"priority":30},
{"action":{"type":"allow"},"condition":{"domainType":"thirdParty","initiatorDomains":["www.delfi.lt"],"resourceTypes":["image"],"urlFilter":"||content-thumbnail.cxpublic.com/content/dominantthumbnail/"},"id":518,"priority":30}
]
