[
{"action":{"type":"block"},"condition":{"initiatorDomains":["klikk.no","musikknyheter.no","startsiden.no"],"requestDomains":["widgets.sprinklecontent.com"]},"id":1,"priority":10},
{"action":{"type":"block"},"condition":{"urlFilter":"||dk/ad/"},"id":2,"priority":10},
{"action":{"type":"block"},"condition":{"urlFilter":"||dk/ads/"},"id":3,"priority":10},
{"action":{"type":"block"},"condition":{"urlFilter":"||is/ad/"},"id":4,"priority":10},
{"action":{"type":"block"},"condition":{"urlFilter":"||is/augl/"},"id":5,"priority":10},
{"action":{"type":"block"},"condition":{"urlFilter":"||is/netbordar/"},"id":6,"priority":10},
{"action":{"type":"block"},"condition":{"urlFilter":"||is/skrar/augl/"},"id":7,"priority":10},
{"action":{"type":"block"},"condition":{"urlFilter":"||no/ad/"},"id":8,"priority":10},
{"action":{"type":"block"},"condition":{"urlFilter":"/annonsar/"},"id":9,"priority":10},
{"action":{"type":"block"},"condition":{"urlFilter":"/auglysing/"},"id":10,"priority":10},
{"action":{"type":"block"},"condition":{"urlFilter":"/auglysingar/"},"id":11,"priority":10},
{"action":{"type":"block"},"condition":{"urlFilter":"/vefauglysingar/"},"id":12,"priority":10},
{"action":{"type":"block"},"condition":{"excludedInitiatorDomains":["ad.amediakreativ.no","ad.dep.no","ad.hem.no","ba.no"],"urlFilter":"||ad.*.no^"},"id":13,"priority":10},
{"action":{"type":"block"},"condition":{"urlFilter":"||ad1.*.dk^"},"id":14,"priority":10},
{"action":{"type":"block"},"condition":{"urlFilter":"||ad1.*.no^"},"id":15,"priority":10},
{"action":{"type":"block"},"condition":{"excludedInitiatorDomains":["ads.mst.dk"],"urlFilter":"||ads.*.dk^"},"id":16,"priority":10},
{"action":{"type":"block"},"condition":{"urlFilter":"||ads.*.is^"},"id":17,"priority":10},
{"action":{"type":"block"},"condition":{"urlFilter":"||ads.*.no^"},"id":18,"priority":10},
{"action":{"type":"block"},"condition":{"urlFilter":"||adserver.*.dk^"},"id":19,"priority":10},
{"action":{"type":"block"},"condition":{"excludedInitiatorDomains":["annonser.gess.no"],"urlFilter":"||annonser.*.no^"},"id":20,"priority":10},
{"action":{"type":"block"},"condition":{"urlFilter":"||banner.*.no^"},"id":21,"priority":10},
{"action":{"type":"block"},"condition":{"urlFilter":"||helios.*.no^"},"id":22,"priority":10},
{"action":{"type":"block"},"condition":{"urlFilter":"||advert.*.no^"},"id":23,"priority":10},
{"action":{"type":"block"},"condition":{"urlFilter":"||advertisement.*.no^"},"id":24,"priority":10},
{"action":{"type":"block"},"condition":{"urlFilter":"/bannerannonser/"},"id":25,"priority":10},
{"action":{"type":"block"},"condition":{"urlFilter":"_nettannonse."},"id":26,"priority":10},
{"action":{"type":"block"},"condition":{"urlFilter":"/binary/*-banner-*.gif^"},"id":27,"priority":10},
{"action":{"type":"block"},"condition":{"urlFilter":"/binary/*%20200x300.jpg^"},"id":28,"priority":10},
{"action":{"type":"block"},"condition":{"urlFilter":"/byteads^"},"id":29,"priority":10},
{"action":{"type":"block"},"condition":{"urlFilter":"/polarnexus.js"},"id":30,"priority":10},
{"action":{"type":"block"},"condition":{"urlFilter":"/hnuannonse^"},"id":31,"priority":10},
{"action":{"type":"block"},"condition":{"urlFilter":"/wp-content/uploads/i123_ads/*.gif|"},"id":32,"priority":10},
{"action":{"type":"block"},"condition":{"urlFilter":"/wp-content/uploads/i123_ads/*_460x196.jpg|"},"id":33,"priority":10},
{"action":{"type":"block"},"condition":{"urlFilter":"/wp-content/uploads/i123_ads/930x180_"},"id":34,"priority":10},
{"action":{"type":"block"},"condition":{"urlFilter":"/system_files/banner/ckfinder^"},"id":35,"priority":10},
{"action":{"type":"block"},"condition":{"urlFilter":"/images/augl^"},"id":36,"priority":10},
{"action":{"type":"block"},"condition":{"urlFilter":"||tac.is/kunnar^"},"id":37,"priority":10},
{"action":{"type":"block"},"condition":{"urlFilter":"||img.norrbom.com/*-300x60.png^"},"id":38,"priority":10},
{"action":{"type":"block"},"condition":{"urlFilter":"/gfx/fishfingers^"},"id":39,"priority":10},
{"action":{"type":"block"},"condition":{"urlFilter":"||images.staticjw.com/*/casino24.jpg^"},"id":40,"priority":10},
{"action":{"type":"block"},"condition":{"urlFilter":"/globalassets/banner_"},"id":41,"priority":10},
{"action":{"type":"block"},"condition":{"urlFilter":"/wp-content/uploads/ad-html^"},"id":42,"priority":10},
{"action":{"type":"block"},"condition":{"urlFilter":"/convertpro/*/cp-popup.min.css|"},"id":43,"priority":10},
{"action":{"type":"block"},"condition":{"urlFilter":"/annoncer/scripts/"},"id":44,"priority":10},
{"action":{"type":"block"},"condition":{"urlFilter":"/annonser-vert.gif^"},"id":45,"priority":10},
{"action":{"type":"block"},"condition":{"initiatorDomains":["bilnorge.no","yrkesbil.no"],"urlFilter":"/gifs/*emty.gif^"},"id":46,"priority":10},
{"action":{"type":"block"},"condition":{"initiatorDomains":["eroguide.dk","noresk.com"],"urlFilter":"/930x180_*.gif^"},"id":47,"priority":10},
{"action":{"type":"block"},"condition":{"initiatorDomains":["bilasolur.is","fotbolti.is","musikknyheter.no"],"urlFilter":"/banners^"},"id":48,"priority":10},
{"action":{"type":"block"},"condition":{"initiatorDomains":["eavisa.com"],"urlFilter":"/bilder/erotikk1.jpg"},"id":49,"priority":10},
{"action":{"type":"block"},"condition":{"initiatorDomains":["tvkampen.com","tvsporten.dk"],"urlFilter":"/js/smartbanner/"},"id":50,"priority":10},
{"action":{"type":"block"},"condition":{"initiatorDomains":["tvkampen.com","tvsporten.dk"],"urlFilter":"/liveodds-button_nordicbet"},"id":51,"priority":10},
{"action":{"type":"block"},"condition":{"initiatorDomains":["tvkampen.com","tvsporten.dk"],"urlFilter":"/nordicbet_logo"},"id":52,"priority":10},
{"action":{"type":"block"},"condition":{"initiatorDomains":["nettavisen.no","www-nettavisen-no.translate.goog"],"urlFilter":"/resources/dfp/"},"id":53,"priority":10},
{"action":{"type":"block"},"condition":{"initiatorDomains":["tv2-dk.translate.goog","tv2.dk"],"urlFilter":"/tv2ads.js"},"id":54,"priority":10},
{"action":{"type":"block"},"condition":{"initiatorDomains":["hnytt.no","karfan.is"],"urlFilter":"/wp-content/uploads/*.gif^"},"id":55,"priority":10},
{"action":{"type":"block"},"condition":{"initiatorDomains":["alvdalmiv.no","tynsetingen.no"],"urlFilter":"/wp-content/uploads/*bruktbilann*.jpg^"},"id":56,"priority":10},
{"action":{"type":"block"},"condition":{"initiatorDomains":["ranaposten.no","viralefilmer.no","xn--bodposten-n8a.no"],"urlFilter":"/wp-content/uploads/*casino"},"id":57,"priority":10},
{"action":{"type":"block"},"condition":{"initiatorDomains":["ilaks.no"],"urlFilter":"_300x250px-*.gif^"},"id":58,"priority":10},
{"action":{"type":"block"},"condition":{"urlFilter":"||amino.dk/images/partners/agera/240x140-forside-hardcoded*.jpg^"},"id":59,"priority":10},
{"action":{"type":"block"},"condition":{"urlFilter":"||annoncelight.dk/graphics/banner^"},"id":60,"priority":10},
{"action":{"type":"block"},"condition":{"urlFilter":"||appetitt.no/uploads/library/*_1150x350*.jpg^"},"id":61,"priority":10},
{"action":{"type":"block"},"condition":{"urlFilter":"||appetitt.no/uploads/library/*_widescreen_1920x1080_*.jpg^"},"id":62,"priority":10},
{"action":{"type":"block"},"condition":{"urlFilter":"||appetitt.no/uploads/library/320x640-*.png^"},"id":63,"priority":10},
{"action":{"type":"block"},"condition":{"urlFilter":"||appetitt.no/uploads/library/annis.jpg^"},"id":64,"priority":10},
{"action":{"type":"block"},"condition":{"urlFilter":"||appetitt.no/uploads/library/topp-banner-*.jpg^"},"id":65,"priority":10},
{"action":{"type":"block"},"condition":{"urlFilter":"||arendalstidende.no/wp-content/uploads/*_490px.jpg^"},"id":66,"priority":10},
{"action":{"type":"block"},"condition":{"urlFilter":"||austurfrett.is/images/*augl.jpg^"},"id":67,"priority":10},
{"action":{"type":"block"},"condition":{"urlFilter":"||ballade.no/wp-content/uploads/*uke*_sky"},"id":68,"priority":10},
{"action":{"type":"block"},"condition":{"urlFilter":"||bilbasen.dk/vip/getvipfinancebanner^"},"id":69,"priority":10},
{"action":{"type":"block"},"condition":{"urlFilter":"||bobilverden.no/wp-content/uploads/*/banner-1200x300px.jpg^"},"id":70,"priority":10},
{"action":{"type":"block"},"condition":{"urlFilter":"||check-in.dk/wp-content/uploads/*_930x180.gif^"},"id":71,"priority":10},
{"action":{"type":"block"},"condition":{"urlFilter":"||cms.sona.fo/ads^"},"id":72,"priority":10},
{"action":{"type":"block"},"condition":{"urlFilter":"||erotikmix.dk/mixads300.html^"},"id":73,"priority":10},
{"action":{"type":"block"},"condition":{"initiatorDomains":["diskusjon.no"],"requestDomains":["export.prisguide.no","export.prisguiden.no"]},"id":74,"priority":10},
{"action":{"type":"block"},"condition":{"urlFilter":"||eyjar.net/skrar/ads"},"id":75,"priority":10},
{"action":{"type":"block"},"condition":{"urlFilter":"||fcbarcelona.dk/images/bcn_*.gif^"},"id":76,"priority":10},
{"action":{"type":"block"},"condition":{"urlFilter":"||feltet.dk/*/topbanner_*.jpg^"},"id":77,"priority":10},
{"action":{"type":"block"},"condition":{"urlFilter":"||feltet.dk/*/wallpaper_1.jpg^"},"id":78,"priority":10},
{"action":{"type":"block"},"condition":{"urlFilter":"||feltet.dk/*_300x60.gif^"},"id":79,"priority":10},
{"action":{"type":"block"},"condition":{"urlFilter":"||footy.dk/wp-content/uploads/*/sk%c3%a6rmbillede-*.png^"},"id":80,"priority":10},
{"action":{"type":"block"},"condition":{"urlFilter":"||frilansinfo.no/wp-content/themes/frilansinfo-no/img/*-annonse.jpg^"},"id":81,"priority":10},
{"action":{"type":"block"},"condition":{"urlFilter":"||gamer.no/?module=tumedia\\dfproxy\\modules^"},"id":82,"priority":10},
{"action":{"type":"block"},"condition":{"urlFilter":"||gaysir.no/rek^"},"id":83,"priority":10},
{"action":{"type":"block"},"condition":{"urlFilter":"||infohelgeland.no/banner^"},"id":84,"priority":10},
{"action":{"type":"block"},"condition":{"urlFilter":"||i0.wp.com/bobilportalen.no/*/180x500.png^"},"id":85,"priority":10},
{"action":{"type":"block"},"condition":{"urlFilter":"||img.sofabold.dk/images/banner^"},"id":86,"priority":10},
{"action":{"type":"block"},"condition":{"urlFilter":"||isolor.no/wp-content/uploads/*_480x150px.jpg^"},"id":87,"priority":10},
{"action":{"type":"block"},"condition":{"urlFilter":"||karfan.is/*-470x130*.jpg^"},"id":88,"priority":10},
{"action":{"type":"block"},"condition":{"urlFilter":"||karfan.is/*300x250.jpg^"},"id":89,"priority":10},
{"action":{"type":"block"},"condition":{"urlFilter":"||ksu247.no/wp-content/uploads/*-300x64.jpg^"},"id":90,"priority":10},
{"action":{"type":"block"},"condition":{"urlFilter":"||ksu247.no/wp-content/uploads/*/banner-*.jpg^"},"id":91,"priority":10},
{"action":{"type":"block"},"condition":{"urlFilter":"||ksu247.no/wp-content/uploads/*/bp-logo-*.png^"},"id":92,"priority":10},
{"action":{"type":"block"},"condition":{"urlFilter":"||ksu247.no/wp-content/uploads/*/bunnpris2.jpg^"},"id":93,"priority":10},
{"action":{"type":"block"},"condition":{"urlFilter":"||leikjaland.is/images/*logo.png|"},"id":94,"priority":10},
{"action":{"type":"block"},"condition":{"urlFilter":"||malviknytt.no/*/ani*-*.gif^"},"id":95,"priority":10},
{"action":{"type":"block"},"condition":{"urlFilter":"||malviknytt.no/wp-content/uploads/*-998x1024.jpeg^"},"id":96,"priority":10},
{"action":{"type":"block"},"condition":{"urlFilter":"||mc-avisa.no/wp-content/uploads/*/banner-*.jpg|"},"id":97,"priority":10},
{"action":{"type":"block"},"condition":{"urlFilter":"||melkoghonning.no/wp-content/uploads/*_980x300px.jpg^"},"id":98,"priority":10},
{"action":{"type":"block"},"condition":{"urlFilter":"||n247.no/salg^"},"id":99,"priority":10},
{"action":{"type":"block"},"condition":{"urlFilter":"||ni.dk/ni-img/*banner"},"id":100,"priority":10},
{"action":{"type":"block"},"condition":{"urlFilter":"||nocc.no/system_promoteringssaker^"},"id":101,"priority":10},
{"action":{"type":"block"},"condition":{"urlFilter":"||norskenettsider.no/images/ageras-banner.jpg"},"id":102,"priority":10},
{"action":{"type":"block"},"condition":{"urlFilter":"||norskenettsider.no/images/remember-banner-2016.jpg"},"id":103,"priority":10},
{"action":{"type":"block"},"condition":{"urlFilter":"||r7.fo/lysing^"},"id":104,"priority":10},
{"action":{"type":"block"},"condition":{"urlFilter":"||radiohallingdal.no/abanners^"},"id":105,"priority":10},
{"action":{"type":"block"},"condition":{"urlFilter":"||radiorana.no/wp-content/uploads/*-300x300.jpg^"},"id":106,"priority":10},
{"action":{"type":"block"},"condition":{"urlFilter":"||radiorana.no/wp-content/uploads/*/meyership.jpg^"},"id":107,"priority":10},
{"action":{"type":"block"},"condition":{"urlFilter":"||radiorana.no/wp-content/uploads/*/telemix2.jpg^"},"id":108,"priority":10},
{"action":{"type":"block"},"condition":{"urlFilter":"||reavisa.blob.core.windows.net/*-net.jpg^"},"id":109,"priority":10},
{"action":{"type":"block"},"condition":{"urlFilter":"||reavisa.blob.core.windows.net/*-nett.jpg^"},"id":110,"priority":10},
{"action":{"type":"block"},"condition":{"urlFilter":"||reavisa.blob.core.windows.net/*_nett.jpg^"},"id":111,"priority":10},
{"action":{"type":"block"},"condition":{"urlFilter":"||rett24.no^*bannerizor.js"},"id":112,"priority":10},
{"action":{"type":"block"},"condition":{"urlFilter":"||ridr.dk/images/partners^"},"id":113,"priority":10},
{"action":{"type":"block"},"condition":{"urlFilter":"||s3-eu-west-1.amazonaws.com/froya/*-annonse-*.gif|"},"id":114,"priority":10},
{"action":{"type":"block"},"condition":{"urlFilter":"||s3-eu-west-1.amazonaws.com/froya/*.-jpg.jpg|"},"id":115,"priority":10},
{"action":{"type":"block"},"condition":{"urlFilter":"||s3-eu-west-1.amazonaws.com/froya/*.jpeg.jpg|"},"id":116,"priority":10},
{"action":{"type":"block"},"condition":{"urlFilter":"||s3-eu-west-1.amazonaws.com/froya/bilder/nordbohus.gif|"},"id":117,"priority":10},
{"action":{"type":"block"},"condition":{"urlFilter":"||saernieh.no/wp-content/uploads/2020/03/j%c3%b8rn-jensen.jpg^"},"id":118,"priority":10},
{"action":{"type":"block"},"condition":{"initiatorDomains":["canariajournalen.no"],"urlFilter":"||semegleren.com/video^"},"id":119,"priority":10},
{"action":{"type":"block"},"condition":{"urlFilter":"||skagensavis.dk/annonceblok_baggrund.jpg^"},"id":120,"priority":10},
{"action":{"type":"block"},"condition":{"urlFilter":"||skagensavis.dk/wp-content/uploads/i123_ads/skagennet"},"id":121,"priority":10},
{"action":{"type":"block"},"condition":{"urlFilter":"||smakmagasinet.no/contentassets/*/170x500-"},"id":122,"priority":10},
{"action":{"type":"block"},"condition":{"urlFilter":"||smakmagasinet.no/contentassets/*/970x250-"},"id":123,"priority":10},
{"action":{"type":"block"},"condition":{"urlFilter":"||spaniaidag.no/wp-content/uploads/*/alltihus.jpg^"},"id":124,"priority":10},
{"action":{"type":"block"},"condition":{"urlFilter":"||spaniaidag.no/wp-content/uploads/*/ceru-design-web-*.jpg^"},"id":125,"priority":10},
{"action":{"type":"block"},"condition":{"urlFilter":"||spaniaidag.no/wp-content/uploads/*/kolstad-gif-si.gif^"},"id":126,"priority":10},
{"action":{"type":"block"},"condition":{"urlFilter":"||spanienidag.es/sites/default/files/patrocinadores^"},"id":127,"priority":10},
{"action":{"type":"block"},"condition":{"initiatorDomains":["aftenbladet.no","aftenposten.no"],"urlFilter":"||static.finncdn.no/*/finnexternaldistribution.js^"},"id":128,"priority":10},
{"action":{"type":"block"},"condition":{"urlFilter":"||static.vg.no/css/admark_top.gif^"},"id":129,"priority":10},
{"action":{"type":"block"},"condition":{"urlFilter":"||stream.fo/wp-content/uploads/*-300x111.jpg^"},"id":132,"priority":10},
{"action":{"type":"block"},"condition":{"urlFilter":"||thainytt.no/files/*-160.jpg^"},"id":133,"priority":10},
{"action":{"type":"block"},"condition":{"requestDomains":["24-news.online","65.21.200.49","790northsierrabonita.com","a2ics.eu","acc-inf.com","acc-ntfix.com","accessmyretur.com","ad.shareholders.dk","adext.inkclub.com","adgangsikret.com","aib-loginsecure.com","aktivalia-ntflx.com","app-netfiix.com","asoloskonorge.com","banner.3loops.com","be-lnfo.com","be-sms.com","bilborsen.webannonse.no","billing-invalid.com","billingservice02-myinfo.com","binance-bedring.com","borgerpost-mitdk.com","bov-userid-application.com","bov-userid.com","brigitteheilmann.dk","brugerverificering.com","businessonline-webchat.com","byra-altinn.com","ca-srvpayment.com","campbell-living.com","camperskonorge.com","campingnews.dk","channawars.com","chase-verify-activity.com","city-parking-ssl1.com","clarks-dk.com","clarksskonorge.com","clientnetflixcenter.com","co-accountswitch.com","co-switchaccount.com","comm-bankverify.com","connection-info.com","desidert.no","dhl-aus-id.com","dhl-trackng.com","digitalbrevpost.com","digitalemitdportal.com","directdigital-services.com","disney-abonnements.com","disney-facturations.com","disneyplus-tv.com","dkgaborsneakers.com","dplus-pixar.com","drbrand.herokuapp.com","drmdanmark.com","dundeehills.group","e-boksinfor.com","e-interactransfer.com","earnifi-claiming.com","easywebauthentication-td.com","ebanking-userid.com","eccodanmarkwebbutik.com","eccolabgroup.com","eccoskonorge.com","edksundportal.com","elderlyscissors.com","eltlnorsgogle.is-a-cpa.com","eportalsundhed.com","esundinfo-dk.com","fakturalosning.com","fjallraventilbud.com","flix-area.com","flix-request.com","fornyeportalen.com","fr135.net","gaborskonorge.com","galerijajava.ba","gateway-kraken.com","gmailsetupinfo.com","gogle.net","gtm.findroommate.dk","hagebakken.no","haglofstilbud.com","havfruen4220.dk","helpnet-device.com","hitecskonorge.com","hoka-one-one.cc","hoka-sko.com","hokanorgeno.com","hokaonenorge.com","hokaoneone","hokaskooutlet.co.no","hokasnorgeno.com","hunter-danmark.com","hunternorge.co","hunternorgeno.com","hunterstovlersalg.com","idj.no","indtoll.com","indtollswebt.com","innboks.info","intrumtunnistus.com","itmitsikkert-nu.com","itsme-support.com","jakkeshopdanmark.com","jakkeshopnorge.com","jordannorge.top","jordantilbud.com","jordantilbuddanmark.com","k-yw.com","keensandalertilbud.com","kvkregister.com","levering-myups.com","lib.idg.no","linkednordersalenavigate.com","lnfoskonto.com","logg-inn.online","marked.no","martenssalg.com","marvelouskaunas.club","mdb.nu","mijnups-pakket.com","min-altinnboks.com","min-borgerepost.com","minaltinn-info.com","minaltinninfo.com","minbrugerpost.com","minsikreboks.com","minsundhed-tjek.com","missed-id.com","mit-digitalopna.com","mitborgere.com","mitborgereportal.com","mitdigitalborger-post.com","miteinfo-nu.com","mitld-forholdsregler.com","mobilepay-finland.com","mobilidentitet.com","mobilpay-fi.com","mobiltrygheden.com","mobilunderskriv.com","my-netflixssl1.com","my-subscriptions.net","my02-billinghelp.com","myaccount-billing-details.com","myaccountneftlixssl1.com","myups-pakket.com","myups.express","myupsdelivery-ssl1.com","nemlogindigitalbrevkasse.com","netfiix-abo.com","netfiix-app.com","netfiixtv.com","netflix-bhr.com","netflx-tv.com","netfx-acc.com","netfx-pagos.com","ney-acc.com","nflix-management.com","nflix-reactivacion.com","no-aut.co","no-bekreft.com","no-confir.com","no-erne.com","no-erne.live","no-nye.live","no-renovere.com","no-sikkerhet.com","no-update.live","no-updater.live","norge-adidas.com","norgeskotilbud.com","ntfx-acc.com","nyhetsnett.no","off-whitedanmark.com","off-whitenorge.com","onetime-bonus.com","online-connection-review.com","onlinehelpcenetre.com","oofosnorgeoutlet.com","optankning.com","ozarkvillage.net","p-stn.net","palladiumskobutikk.com","palladiumskodk.com","parking-onlinepayment.com","parking-ticket2024.com","parkpay-reminder.com","parkpay-tickt.com","parkticket-pay.com","pay-ticket2024.com","payement-renew.me","paynow-ticket.com","pearlandcarpetcleaner.com","pestseminars.com","portalsikkerhet.com","premosupplements.com","printablemagic.com","pt-netfiix.com","quiksilverdanmark.com","quiksilvernorge.com","quiksilvertilbud.com","rebill-netflix.com","recover-dk.com","regions-services.com","regions-verification.com","report-action.com","reschdl-myups1.com","reschedule-myups.com","restore0-2account-service.com","ri-myorder.com","rumendia.com","s.free.fr","saaq-click.com","safe-secured-transfer.com","salomomnorgeoutlet.com","salomon-danmark.net","salomonbutikdanmark.com","salomonidanmark.com","salomonoutletnorge.com","santandersecurept.com","saucony-dk.com","secureaccountcredentials.com","sessionpaused-requestexpired.com","sikker-digitaipost.com","sikker-vlpps.com","sikkeradmin.com","sikkerbekreftelse.com","sikkerinngang.com","sikkerportal-altinn.com","sikkerportal-boks.com","sikkertilgang-altinn.com","skaatteenok.com","skechersskosalg-norge.com","smarthouseforum.ru","sociale-assurance.com","speedcrossnettbutikk.com","spotfy-regulation.com","ssl-app.com","sslh1-myparkingticket.com","sslnetflix.com","start-myaltinn.com","static-dscn.net","storustovu.dk","sundhed-einfoportal.com","sundhed-tjek.com","sundhedportaldk.com","svindel.info","tachyoniums.eu.com","tax-binance.com","techsantandersecure.com","tevadanmarkshop.com","tevanorgeshop.com","trackingfindups.com","trackingpackage.express","trafikkskoleapp.no","trmff.wpengine.com","tsbconnect-verification.com","tsbsecurity-online.com","tv-netfiix.com","ups-packaging.delivery","ups-rescheduledelivery.com","ups-upsnow.com","ups1-reschdl.com","upsbezahlung.com","upsreschedule-uy.com","usaa-verify.com","user-amazon-id.com","usps-fast.club","vanssnorge.com","vat-reschedule.com","verification-no.com","wf-securelogin.com","wirexapp.africa.com","wisehelpcentre.com","wolverineskonorge.com","www-presse-fotos-dk.filesusr.com","wxqgx123.com","y6.no"]},"id":134,"priority":10},
{"action":{"type":"block"},"condition":{"excludedResourceTypes":["main_frame"],"requestDomains":["altrasgshoes.com","altrask.com","brunateskonorge.com","g-ymsharknorge.com","gantdanmark.com","gantnorge.com","gymshark-danmarkudsalg.com","gymshark-no.com","gymsharkbutikdanmark.com","gymsharkbutikkoslo.com","gymsharkdanmark.com","gymsharkidanmark.com","gymsharkiesale.com","gymsharkldanmark.com","gymsharklnorge.com","gymsharkno.com","gymsharknorge.com","gymsharkoutletsnorge.com","gymsharksalg.com","gymsharktightsnorge.com","gymsharnorge.com","hilfigerdenmark.com","hilfigernorge.com","hugobossbutikk.com","hunterstovlerbutikk.com","josefseibeloutletnorge.com","joyaskobutikk.com","louboutinnorge.com","montec-danmark.com","montecnorge.com","montecsalg.com","nauticadanmark.com","nauticanorge.com","salgvejanorge.com","sanukdk.com","sanuksandaler.com","umbrodk.com","umbrono.com","underarmourdk.com","underarmourdks.com","vejadanmarkudsalg.com","xeroshoes-danmark.com","xeroshoesdanmark.com","xn--gymsharkklrnorge-3ob.com"]},"id":135,"priority":10},
{"action":{"type":"block"},"condition":{"urlFilter":"||trolli.is/wp-content/*/benecta.png"},"id":136,"priority":10},
{"action":{"type":"block"},"condition":{"urlFilter":"||trolli.is/wp-content/uploads/*logo-*.png^"},"id":137,"priority":10},
{"action":{"type":"block"},"condition":{"urlFilter":"||trolli.is/wp-content/uploads/2018/05/untitled-1-1.jpg^"},"id":138,"priority":10},
{"action":{"type":"block"},"condition":{"urlFilter":"||tv-kalundborg.dk/system_files/banner^"},"id":139,"priority":10},
{"action":{"type":"block"},"condition":{"urlFilter":"||utrop.no/wp-content/uploads/2019/07/utrop.no_-1.jpg^"},"id":140,"priority":10},
{"action":{"type":"block"},"condition":{"urlFilter":"||utvarpsaga.is/file/*-bordi.jpg^"},"id":141,"priority":10},
{"action":{"type":"block"},"condition":{"urlFilter":"||utvarpsaga.is/file/*_banner.png^"},"id":142,"priority":10},
{"action":{"type":"block"},"condition":{"urlFilter":"||veitingageirinn.is/haus20g.jpg^"},"id":143,"priority":10},
{"action":{"type":"block"},"condition":{"urlFilter":"||verktoy24.no/wp-content/uploads/*/banner-*px.jpg^"},"id":144,"priority":10},
{"action":{"type":"block"},"condition":{"urlFilter":"||verktoy24.no/wp-content/uploads/*_300px-scaled.jpg^"},"id":145,"priority":10},
{"action":{"type":"block"},"condition":{"urlFilter":"||vf.is/media/1/*2000x616.jpg^"},"id":146,"priority":10},
{"action":{"type":"block"},"condition":{"urlFilter":"||vf.is/media/1/geysir-dekkjaskipti.jpg^"},"id":147,"priority":10},
{"action":{"type":"block"},"condition":{"initiatorDomains":["tek.no"],"urlFilter":"||elton.app/widget/"},"id":148,"priority":10},
{"action":{"type":"block"},"condition":{"urlFilter":"||vikari.is/skjol/frjalsi-lif*.png^"},"id":149,"priority":10},
{"action":{"type":"block"},"condition":{"urlFilter":"||viralefilmer.no/wp-content/uploads/*slot-"},"id":150,"priority":10},
{"action":{"type":"block"},"condition":{"urlFilter":"||webforumet.no/blogg/wp-content/uploads/ad-*.jpg^"},"id":151,"priority":10},
{"action":{"type":"block"},"condition":{"urlFilter":"||webforumet.no/images/*-250x250.jpg^"},"id":152,"priority":10},
{"action":{"type":"block"},"condition":{"urlFilter":"||xklub.dk/bannercache^"},"id":153,"priority":10},
{"action":{"type":"block"},"condition":{"urlFilter":"||xklub.dk/xsite/img/banner^"},"id":154,"priority":10},
{"action":{"type":"block"},"condition":{"urlFilter":"||yrkesbil.no/gifs/1pix.gif^"},"id":155,"priority":10},
{"action":{"type":"block"},"condition":{"urlFilter":"||ytresogn.no/ete/index.html^"},"id":156,"priority":10},
{"action":{"type":"block"},"condition":{"urlFilter":"||ytresogn.no/wp-content/*-copy.jpg^"},"id":157,"priority":10},
{"action":{"type":"block"},"condition":{"urlFilter":"||ytresogn.no/wp-content/*-topbanner-"},"id":158,"priority":10},
{"action":{"type":"block"},"condition":{"urlFilter":"||ytresogn.no/wp-content/uploads/*-1.jpg^"},"id":159,"priority":10},
{"action":{"type":"block"},"condition":{"urlFilter":"||ytresogn.no/wp-content/uploads/*-nett.jpg^"},"id":160,"priority":10},
{"action":{"type":"block"},"condition":{"urlFilter":"||ytresogn.no/wp-content/uploads/2016/04/128829765_1713260288837784_946999945581640675_n.jpg^"},"id":161,"priority":10},
{"action":{"type":"block"},"condition":{"urlFilter":"||ytresogn.no/wp-content/uploads/2016/04/default_file-1607345037.png^"},"id":162,"priority":10},
{"action":{"type":"block"},"condition":{"urlFilter":"||ytresogn.no/wp-content/uploads/2016/04/fj.-varmepumpe.png^"},"id":163,"priority":10},
{"action":{"type":"block"},"condition":{"urlFilter":"||ytresogn.no/wp-content/uploads/2016/05/fureli-nett-mobil.jpg^"},"id":164,"priority":10},
{"action":{"type":"block"},"condition":{"urlFilter":"||ytresogn.no/wp-content/uploads/2017/04/image007.jpg^"},"id":165,"priority":10},
{"action":{"type":"block"},"condition":{"urlFilter":"||ytresogn.no/wp-content/uploads/2020/02/ytre_718_360_2.jpg^"},"id":166,"priority":10},
{"action":{"type":"block"},"condition":{"urlFilter":"||gamereactor.*/ads^"},"id":167,"priority":10},
{"action":{"type":"block"},"condition":{"urlFilter":"||gamereactor.*/exclusive.json^"},"id":168,"priority":10},
{"action":{"type":"block"},"condition":{"urlFilter":"||datamaskin.biz/ad/"},"id":169,"priority":10},
{"action":{"type":"block"},"condition":{"urlFilter":"||f.nordiskemedier.dk/*.gif^"},"id":170,"priority":10},
{"action":{"type":"block"},"condition":{"urlFilter":"||f.nordiskemedier.dk/banner^"},"id":171,"priority":10},
{"action":{"type":"block"},"condition":{"urlFilter":"||static.polarismedia.no/*/cxense.js"},"id":172,"priority":10},
{"action":{"type":"block"},"condition":{"urlFilter":"_980banner_"},"id":173,"priority":10},
{"action":{"type":"block"},"condition":{"urlFilter":"||samimag.no/wp-content/uploads/2019/11/screenshot-2020-03-21-at-12.40.32.png^"},"id":174,"priority":10},
{"action":{"type":"block"},"condition":{"urlFilter":"://3.248.18.175^"},"id":175,"priority":10},
{"action":{"type":"block"},"condition":{"urlFilter":",ipaddress=3.248.18.175"},"id":176,"priority":10},
{"action":{"type":"block"},"condition":{"urlFilter":"://35.227.231.163^"},"id":177,"priority":10},
{"action":{"type":"block"},"condition":{"urlFilter":",ipaddress=35.227.231.163"},"id":178,"priority":10},
{"action":{"type":"block"},"condition":{"urlFilter":"://45.58.146.154^"},"id":179,"priority":10},
{"action":{"type":"block"},"condition":{"urlFilter":",ipaddress=45.58.146.154"},"id":180,"priority":10},
{"action":{"type":"block"},"condition":{"urlFilter":"://82.196.13.38^"},"id":181,"priority":10},
{"action":{"type":"block"},"condition":{"urlFilter":",ipaddress=82.196.13.38"},"id":182,"priority":10},
{"action":{"type":"block"},"condition":{"urlFilter":"://82.221.81.9^"},"id":183,"priority":10},
{"action":{"type":"block"},"condition":{"urlFilter":",ipaddress=82.221.81.9"},"id":184,"priority":10},
{"action":{"type":"block"},"condition":{"urlFilter":"://178.79.136.45^"},"id":185,"priority":10},
{"action":{"type":"block"},"condition":{"urlFilter":",ipaddress=178.79.136.45"},"id":186,"priority":10},
{"action":{"type":"block"},"condition":{"urlFilter":"||s.api.no/mittari/c/article/*/sectionid/*.gif^"},"id":187,"priority":10},
{"action":{"type":"block"},"condition":{"urlFilter":"||ktg-content.cdn.prismic.io/api/*/documents/*(my.newsletter_popup.uid"},"id":188,"priority":10},
{"action":{"type":"block"},"condition":{"initiatorDomains":["bornholm.nu","dk"],"urlFilter":"||googletagmanager.com/gtm.js^"},"id":189,"priority":10},
{"action":{"type":"block"},"condition":{"initiatorDomains":["vglive.no"],"urlFilter":"||cloudfront.net/v*/liveoddsen.aspx^"},"id":190,"priority":10},
{"action":{"type":"block"},"condition":{"urlFilter":"://52.216.146.90^"},"id":191,"priority":10},
{"action":{"type":"block"},"condition":{"urlFilter":",ipaddress=52.216.146.90"},"id":192,"priority":10},
{"action":{"type":"block"},"condition":{"urlFilter":"://92.42.104.146^"},"id":193,"priority":10},
{"action":{"type":"block"},"condition":{"urlFilter":",ipaddress=92.42.104.146"},"id":194,"priority":10},
{"action":{"type":"block"},"condition":{"urlFilter":"||appleid.*.no^"},"id":195,"priority":10},
{"action":{"type":"block"},"condition":{"urlFilter":"||itunesconnect-*.no^"},"id":196,"priority":10},
{"action":{"type":"block"},"condition":{"urlFilter":"||bankid-sperret."},"id":197,"priority":10},
{"action":{"type":"block"},"condition":{"urlFilter":"||bcm.interactives.dk/script/"},"id":198,"priority":10},
{"action":{"type":"block"},"condition":{"resourceTypes":["image"],"urlFilter":".dk/wp-content/uploads/ap-plugin-upload^"},"id":199,"priority":10},
{"action":{"type":"block"},"condition":{"urlFilter":"://212.27.60.108^"},"id":200,"priority":10},
{"action":{"type":"block"},"condition":{"urlFilter":",ipaddress=212.27.60.108"},"id":201,"priority":10},
{"action":{"type":"block"},"condition":{"urlFilter":"||dnnbcorporat*.mine.nu^"},"id":202,"priority":10},
{"action":{"type":"block"},"condition":{"urlFilter":"://94.156.65.204^"},"id":203,"priority":10},
{"action":{"type":"block"},"condition":{"urlFilter":",ipaddress=94.156.65.204"},"id":204,"priority":10},
{"action":{"type":"block"},"condition":{"urlFilter":"-norge.co.no^"},"id":205,"priority":10},
{"action":{"type":"block"},"condition":{"urlFilter":"*skodanmark.com^"},"id":206,"priority":10},
{"action":{"type":"block"},"condition":{"urlFilter":"||hokalopesko."},"id":207,"priority":10},
{"action":{"type":"block"},"condition":{"urlFilter":"*norgeskosalg."},"id":208,"priority":10},
{"action":{"type":"block"},"condition":{"urlFilter":"*norge-salg.com^"},"id":209,"priority":10},
{"action":{"type":"block"},"condition":{"urlFilter":"*norgesalgs.com^"},"id":210,"priority":10},
{"action":{"type":"block"},"condition":{"urlFilter":"*danmarkdk.com^"},"id":211,"priority":10},
{"action":{"type":"block"},"condition":{"urlFilter":"*skodktilbud."},"id":212,"priority":10},
{"action":{"type":"block"},"condition":{"urlFilter":"*skonorgeeu.com^"},"id":213,"priority":10},
{"action":{"type":"block"},"condition":{"urlFilter":"*sneakersnorgeshop."},"id":214,"priority":10},
{"action":{"type":"block"},"condition":{"urlFilter":"*sneakersdkshop.com^"},"id":215,"priority":10},
{"action":{"type":"block"},"condition":{"urlFilter":"*skodanmarks."},"id":216,"priority":10},
{"action":{"type":"block"},"condition":{"urlFilter":"||dnb-oppdater."},"id":217,"priority":10},
{"action":{"type":"block"},"condition":{"excludedInitiatorDomains":["no"],"urlFilter":"||no-forny*"},"id":218,"priority":10},
{"action":{"type":"block"},"condition":{"excludedInitiatorDomains":["no"],"urlFilter":"||my-altinn*"},"id":219,"priority":10},
{"action":{"type":"block"},"condition":{"urlFilter":"||no-oppdatere."},"id":220,"priority":10},
{"action":{"type":"block"},"condition":{"excludedInitiatorDomains":["no"],"urlFilter":"||no-oppdatert."},"id":221,"priority":10},
{"action":{"type":"block"},"condition":{"urlFilter":"://179.43.189.62^"},"id":222,"priority":10},
{"action":{"type":"block"},"condition":{"urlFilter":"://74.119.239.234^"},"id":223,"priority":10},
{"action":{"type":"block"},"condition":{"urlFilter":",ipaddress=74.119.239.234"},"id":224,"priority":10},
{"action":{"type":"block"},"condition":{"urlFilter":"://162.241.194.206^"},"id":225,"priority":10},
{"action":{"type":"block"},"condition":{"urlFilter":",ipaddress=162.241.194.206"},"id":226,"priority":10},
{"action":{"type":"block"},"condition":{"urlFilter":"://51.195.133.131^"},"id":227,"priority":10},
{"action":{"type":"block"},"condition":{"urlFilter":",ipaddress=51.195.133.131"},"id":228,"priority":10},
{"action":{"type":"block"},"condition":{"urlFilter":"://66.206.3.34^"},"id":229,"priority":10},
{"action":{"type":"block"},"condition":{"urlFilter":",ipaddress=66.206.3.34"},"id":230,"priority":10},
{"action":{"type":"block"},"condition":{"urlFilter":"://82.118.242.69^"},"id":231,"priority":10},
{"action":{"type":"block"},"condition":{"urlFilter":",ipaddress=82.118.242.69"},"id":232,"priority":10},
{"action":{"type":"block"},"condition":{"urlFilter":"://136.243.73.30^"},"id":233,"priority":10},
{"action":{"type":"block"},"condition":{"urlFilter":",ipaddress=136.243.73.30"},"id":234,"priority":10},
{"action":{"type":"block"},"condition":{"urlFilter":"://138.201.126.227^"},"id":235,"priority":10},
{"action":{"type":"block"},"condition":{"urlFilter":",ipaddress=138.201.126.227"},"id":236,"priority":10},
{"action":{"type":"block"},"condition":{"urlFilter":"://156.236.126.173^"},"id":237,"priority":10},
{"action":{"type":"block"},"condition":{"urlFilter":",ipaddress=156.236.126.173"},"id":238,"priority":10},
{"action":{"type":"block"},"condition":{"urlFilter":"://196.196.230.76^"},"id":239,"priority":10},
{"action":{"type":"block"},"condition":{"urlFilter":",ipaddress=196.196.230.76"},"id":240,"priority":10},
{"action":{"type":"block"},"condition":{"urlFilter":"://167.71.49.177^"},"id":241,"priority":10},
{"action":{"type":"block"},"condition":{"urlFilter":",ipaddress=167.71.49.177"},"id":242,"priority":10},
{"action":{"type":"block"},"condition":{"urlFilter":"://134.209.82.119^"},"id":243,"priority":10},
{"action":{"type":"block"},"condition":{"urlFilter":",ipaddress=134.209.82.119"},"id":244,"priority":10},
{"action":{"type":"block"},"condition":{"urlFilter":"://154.213.16.136^"},"id":245,"priority":10},
{"action":{"type":"block"},"condition":{"urlFilter":",ipaddress=154.213.16.136"},"id":246,"priority":10},
{"action":{"type":"block"},"condition":{"urlFilter":"://158.247.212.220^"},"id":247,"priority":10},
{"action":{"type":"block"},"condition":{"urlFilter":",ipaddress=158.247.212.220"},"id":248,"priority":10},
{"action":{"type":"block"},"condition":{"urlFilter":"://165.227.168.212^"},"id":249,"priority":10},
{"action":{"type":"block"},"condition":{"urlFilter":",ipaddress=165.227.168.212"},"id":250,"priority":10},
{"action":{"type":"block"},"condition":{"urlFilter":"://132.148.220.142^"},"id":251,"priority":10},
{"action":{"type":"block"},"condition":{"urlFilter":",ipaddress=132.148.220.142"},"id":252,"priority":10},
{"action":{"type":"block"},"condition":{"excludedInitiatorDomains":["in-addr.arpa"],"urlFilter":"://104.160.10."},"id":253,"priority":10},
{"action":{"type":"block"},"condition":{"excludedInitiatorDomains":["in-addr.arpa"],"urlFilter":"://165.231.154."},"id":254,"priority":10},
{"action":{"type":"block"},"condition":{"urlFilter":"://167.99.196.225^"},"id":255,"priority":10},
{"action":{"type":"block"},"condition":{"urlFilter":",ipaddress=167.99.196.225"},"id":256,"priority":10},
{"action":{"type":"block"},"condition":{"urlFilter":"||monetrizer*."},"id":257,"priority":10},
{"action":{"type":"block"},"condition":{"urlFilter":"://38.180.96.244^"},"id":258,"priority":10},
{"action":{"type":"block"},"condition":{"urlFilter":",ipaddress=38.180.96.244"},"id":259,"priority":10},
{"action":{"type":"block"},"condition":{"urlFilter":"://193.143.1.45^"},"id":260,"priority":10},
{"action":{"type":"block"},"condition":{"urlFilter":",ipaddress=193.143.1.45"},"id":261,"priority":10},
{"action":{"type":"block"},"condition":{"urlFilter":"://193.143.1.214^"},"id":262,"priority":10},
{"action":{"type":"block"},"condition":{"urlFilter":",ipaddress=193.143.1.214"},"id":263,"priority":10},
{"action":{"type":"block"},"condition":{"urlFilter":"://193.143.1.217^"},"id":264,"priority":10},
{"action":{"type":"block"},"condition":{"urlFilter":",ipaddress=193.143.1.217"},"id":265,"priority":10},
{"action":{"type":"block"},"condition":{"urlFilter":"://5.39.217.206^"},"id":266,"priority":10},
{"action":{"type":"block"},"condition":{"urlFilter":",ipaddress=5.39.217.206"},"id":267,"priority":10},
{"action":{"type":"block"},"condition":{"urlFilter":"://5.39.221.180^"},"id":268,"priority":10},
{"action":{"type":"block"},"condition":{"urlFilter":",ipaddress=5.39.221.180"},"id":269,"priority":10},
{"action":{"type":"block"},"condition":{"urlFilter":"://193.148.70.153^"},"id":270,"priority":10},
{"action":{"type":"block"},"condition":{"urlFilter":",ipaddress=193.148.70.153"},"id":271,"priority":10},
{"action":{"type":"block"},"condition":{"urlFilter":"://1.14.61.188^"},"id":272,"priority":10},
{"action":{"type":"block"},"condition":{"urlFilter":",ipaddress=1.14.61.188"},"id":273,"priority":10},
{"action":{"type":"block"},"condition":{"urlFilter":"/1betsson.png"},"id":274,"priority":10},
{"action":{"type":"block"},"condition":{"urlFilter":"/1unibet.png"},"id":275,"priority":10},
{"action":{"type":"block"},"condition":{"urlFilter":"/250x90_motortrend.gif"},"id":276,"priority":10},
{"action":{"type":"block"},"condition":{"urlFilter":"/728xx90.jpg?sid="},"id":277,"priority":10},
{"action":{"type":"block"},"condition":{"urlFilter":"/_ra_lib.js"},"id":278,"priority":10},
{"action":{"type":"block"},"condition":{"urlFilter":"/_ra_lib.php"},"id":279,"priority":10},
{"action":{"type":"block"},"condition":{"urlFilter":"/ab-a.js?v="},"id":280,"priority":10},
{"action":{"type":"block"},"condition":{"urlFilter":"/ad-provider."},"id":281,"priority":10},
{"action":{"type":"block"},"condition":{"urlFilter":"/ads.criteo.com.js"},"id":282,"priority":10},
{"action":{"type":"block"},"condition":{"urlFilter":"/ads/300.html"},"id":283,"priority":10},
{"action":{"type":"block"},"condition":{"urlFilter":"/adsadclient"},"id":284,"priority":10},
{"action":{"type":"block"},"condition":{"urlFilter":"/adsen.php"},"id":285,"priority":10},
{"action":{"type":"block"},"condition":{"urlFilter":"/app/apx19.js"},"id":286,"priority":10},
{"action":{"type":"block"},"condition":{"urlFilter":"/asset/default/player/plugins/vast-*.js"},"id":287,"priority":10},
{"action":{"type":"block"},"condition":{"urlFilter":"/assets/jquery/jquery-1.4.1.min.js?v=2&type=adult"},"id":288,"priority":10},
{"action":{"type":"block"},"condition":{"urlFilter":"/assets/jquery/jquery-1.4.2.min.js?v=2&type=adult"},"id":289,"priority":10},
{"action":{"type":"block"},"condition":{"urlFilter":"/assets/jquery/jquery-1.4.3.min.js?v=2&type=adult"},"id":290,"priority":10},
{"action":{"type":"block"},"condition":{"urlFilter":"/assets/jquery/jquery-2.4.3.min.js?v=2&type=adult"},"id":291,"priority":10},
{"action":{"type":"block"},"condition":{"urlFilter":"/assets/jquery/jquery-3.2.min.js?v=2&type=adult"},"id":292,"priority":10},
{"action":{"type":"block"},"condition":{"urlFilter":"/avo/includes/js/jquery.js"},"id":293,"priority":10},
{"action":{"type":"block"},"condition":{"urlFilter":"/bannerpop/uploads/"},"id":294,"priority":10},
{"action":{"type":"block"},"condition":{"urlFilter":"/banners*swf"},"id":295,"priority":10},
{"action":{"type":"block"},"condition":{"urlFilter":"/d3.php?*=s*&*&sadbl="},"id":296,"priority":10},
{"action":{"type":"block"},"condition":{"urlFilter":"/deity.php?*=s*&*&sadbl="},"id":297,"priority":10},
{"action":{"type":"block"},"condition":{"urlFilter":"/di3asdadasdadas.di3asdsa.js"},"id":298,"priority":10},
{"action":{"type":"block"},"condition":{"urlFilter":"/eroclick.js"},"id":299,"priority":10},
{"action":{"type":"block"},"condition":{"urlFilter":"/fiets-banner_"},"id":300,"priority":10},
{"action":{"type":"block"},"condition":{"urlFilter":"/getaditem"},"id":301,"priority":10},
{"action":{"type":"block"},"condition":{"urlFilter":"/getmultiadsstrategy"},"id":302,"priority":10},
{"action":{"type":"block"},"condition":{"urlFilter":"/getstartpageads"},"id":303,"priority":10},
{"action":{"type":"block"},"condition":{"urlFilter":"/grgfbigo.js"},"id":304,"priority":10},
{"action":{"type":"block"},"condition":{"urlFilter":"/heyboy/com/lazymolecule/*.js"},"id":305,"priority":10},
{"action":{"type":"block"},"condition":{"urlFilter":"/hitfile_730_90.png"},"id":306,"priority":10},
{"action":{"type":"block"},"condition":{"urlFilter":"/hy.js?q22"},"id":307,"priority":10},
{"action":{"type":"block"},"condition":{"urlFilter":"/im/im.js?sk="},"id":308,"priority":10},
{"action":{"type":"block"},"condition":{"urlFilter":"/index.php?op=ad_click"},"id":309,"priority":10},
{"action":{"type":"block"},"condition":{"urlFilter":"/js/popunderjs/init.js^"},"id":310,"priority":10},
{"action":{"type":"block"},"condition":{"urlFilter":"/js/re-ads-"},"id":311,"priority":10},
{"action":{"type":"block"},"condition":{"urlFilter":"/kasynos_online.png"},"id":312,"priority":10},
{"action":{"type":"block"},"condition":{"urlFilter":"/loadme/com/coldvain/*.js"},"id":313,"priority":10},
{"action":{"type":"block"},"condition":{"urlFilter":"/loadme/com/lazymolecule/*.js"},"id":314,"priority":10},
{"action":{"type":"block"},"condition":{"urlFilter":"/loadmez/com/coldvain/*.js"},"id":315,"priority":10},
{"action":{"type":"block"},"condition":{"urlFilter":"/local_su.js?t="},"id":316,"priority":10},
{"action":{"type":"block"},"condition":{"urlFilter":"/lvbet-tv.jpg"},"id":317,"priority":10},
{"action":{"type":"block"},"condition":{"urlFilter":"/phantompopunder.js|"},"id":318,"priority":10},
{"action":{"type":"block"},"condition":{"urlFilter":"/prepare/ads^"},"id":319,"priority":10},
{"action":{"type":"block"},"condition":{"urlFilter":"/pu/?psid="},"id":320,"priority":10},
{"action":{"type":"block"},"condition":{"urlFilter":"/q1.js?q22"},"id":321,"priority":10},
{"action":{"type":"block"},"condition":{"urlFilter":"/redirect-ads.php"},"id":322,"priority":10},
{"action":{"type":"block"},"condition":{"urlFilter":"/script/pop_packcpm.php"},"id":323,"priority":10},
{"action":{"type":"block"},"condition":{"urlFilter":"/tc-under.min.js"},"id":324,"priority":10},
{"action":{"type":"block"},"condition":{"urlFilter":"/xstat/ppjs?"},"id":325,"priority":10},
{"action":{"type":"block"},"condition":{"urlFilter":"/xvideo.js|"},"id":326,"priority":10},
{"action":{"type":"block"},"condition":{"urlFilter":"/zpp/zpp3.js"},"id":327,"priority":10},
{"action":{"type":"block"},"condition":{"resourceTypes":["script","stylesheet"],"urlFilter":"||gfx.no^*/refererpromo"},"id":328,"priority":10},
{"action":{"type":"block"},"condition":{"initiatorDomains":["austurfrett.is","fcbarcelona.dk","norsk-rally.com","samler.no"],"resourceTypes":["image"],"urlFilter":"/images/banners"},"id":329,"priority":10},
{"action":{"type":"block"},"condition":{"resourceTypes":["image"],"urlFilter":"/annonse_"},"id":330,"priority":10},
{"action":{"type":"block"},"condition":{"resourceTypes":["image"],"urlFilter":"/annonse-"},"id":331,"priority":10},
{"action":{"type":"block"},"condition":{"resourceTypes":["image"],"urlFilter":"/wp-content/uploads/*_annonse_"},"id":332,"priority":10},
{"action":{"type":"block"},"condition":{"excludedInitiatorDomains":["dahl.no","onninen.no"],"resourceTypes":["image"],"urlFilter":"_toppbanner_"},"id":333,"priority":10},
{"action":{"type":"block"},"condition":{"resourceTypes":["image"],"urlFilter":"/_annonser^"},"id":334,"priority":10},
{"action":{"type":"block"},"condition":{"resourceTypes":["image"],"urlFilter":"/nettbanner-"},"id":335,"priority":10},
{"action":{"type":"block"},"condition":{"resourceTypes":["image"],"urlFilter":"||lh3.googleusercontent.com/*=w468-h60-"},"id":336,"priority":10},
{"action":{"type":"block"},"condition":{"resourceTypes":["image"],"urlFilter":"||lh3.googleusercontent.com/*=w970-h250-"},"id":337,"priority":10},
{"action":{"type":"block"},"condition":{"resourceTypes":["image"],"urlFilter":"/getbanner.php^"},"id":338,"priority":10},
{"action":{"type":"block"},"condition":{"resourceTypes":["image"],"urlFilter":"_nettbanner_"},"id":339,"priority":10},
{"action":{"type":"block"},"condition":{"resourceTypes":["image"],"urlFilter":"_visittkortannonse_"},"id":340,"priority":10},
{"action":{"type":"block"},"condition":{"resourceTypes":["image"],"urlFilter":"-visittkortannonse-"},"id":341,"priority":10},
{"action":{"type":"block"},"condition":{"resourceTypes":["image"],"urlFilter":"||is/static/strevda/"},"id":342,"priority":10},
{"action":{"type":"block"},"condition":{"resourceTypes":["image"],"urlFilter":"/images/bannere^"},"id":343,"priority":10},
{"action":{"type":"block"},"condition":{"resourceTypes":["image"],"urlFilter":"-skyskraper-annonse."},"id":344,"priority":10},
{"action":{"type":"block"},"condition":{"resourceTypes":["image"],"urlFilter":".no/images/banners/"},"id":345,"priority":10},
{"action":{"type":"block"},"condition":{"initiatorDomains":["hnytt.no"],"resourceTypes":["image"],"urlFilter":"-banner_"},"id":346,"priority":10},
{"action":{"type":"block"},"condition":{"initiatorDomains":["news.fo"],"resourceTypes":["image"],"urlFilter":"-l%c3%bdsing-"},"id":347,"priority":10},
{"action":{"type":"block"},"condition":{"initiatorDomains":["gamer.no","tek.no"],"resourceTypes":["image"],"urlFilter":"/bannere/"},"id":348,"priority":10},
{"action":{"type":"block"},"condition":{"initiatorDomains":["bygge-anlaegsavisen.dk"],"resourceTypes":["image"],"urlFilter":"/mediaxpress/ad^"},"id":349,"priority":10},
{"action":{"type":"block"},"condition":{"initiatorDomains":["tvkampen.com","tvsporten.dk"],"resourceTypes":["image"],"urlFilter":"/partners/*_ad_icon"},"id":350,"priority":10},
{"action":{"type":"block"},"condition":{"initiatorDomains":["arendalstidende.no","avvir.no"],"resourceTypes":["image"],"urlFilter":"/wp-content/banners^"},"id":351,"priority":10},
{"action":{"type":"block"},"condition":{"initiatorDomains":["rykindribe.dk"],"resourceTypes":["image"],"urlFilter":"_300x500pix"},"id":352,"priority":10},
{"action":{"type":"block"},"condition":{"initiatorDomains":["rykindribe.dk"],"resourceTypes":["image"],"urlFilter":"_930x180pix"},"id":353,"priority":10},
{"action":{"type":"block"},"condition":{"resourceTypes":["image"],"urlFilter":"|blob:https://www.veier24.no/"},"id":354,"priority":10},
{"action":{"type":"block"},"condition":{"resourceTypes":["image"],"urlFilter":"||1819.is/infosmall/"},"id":355,"priority":10},
{"action":{"type":"block"},"condition":{"resourceTypes":["image"],"urlFilter":"||appetitt.no/uploads/library/*_bannere_"},"id":356,"priority":10},
{"action":{"type":"block"},"condition":{"resourceTypes":["image"],"urlFilter":"||appetitt.no/uploads/library/1150*"},"id":357,"priority":10},
{"action":{"type":"block"},"condition":{"resourceTypes":["image"],"urlFilter":"||austevollforlag.no/wp-content/*/yachtmarine2014."},"id":358,"priority":10},
{"action":{"type":"block"},"condition":{"resourceTypes":["image"],"urlFilter":"||biip.no/wp-content/uploads/*320x250.jpg^"},"id":359,"priority":10},
{"action":{"type":"block"},"condition":{"resourceTypes":["image"],"urlFilter":"||bornholm.nu/nonsec/banner"},"id":360,"priority":10},
{"action":{"type":"block"},"condition":{"resourceTypes":["image"],"urlFilter":"||canariposten.no/wp-content/uploads/300x1500"},"id":361,"priority":10},
{"action":{"type":"block"},"condition":{"resourceTypes":["image"],"urlFilter":"||danishfamilysearch.dk/images/xp2^"},"id":362,"priority":10},
{"action":{"type":"block"},"condition":{"resourceTypes":["image"],"urlFilter":"||detailersclub.no/uploads/*_banner."},"id":363,"priority":10},
{"action":{"type":"block"},"condition":{"resourceTypes":["image"],"urlFilter":"||dust2.dk/img/banners/"},"id":364,"priority":10},
{"action":{"type":"block"},"condition":{"resourceTypes":["image"],"urlFilter":"||escort46.dk/bg_images^"},"id":365,"priority":10},
{"action":{"type":"block"},"condition":{"resourceTypes":["image"],"urlFilter":"||fcbarcelona.dk/*/images/footerbg.jpg^"},"id":366,"priority":10},
{"action":{"type":"block"},"condition":{"resourceTypes":["image"],"urlFilter":"||healthtalkweb.s3.amazonaws.com/images/*_560x210."},"id":367,"priority":10},
{"action":{"type":"block"},"condition":{"resourceTypes":["image"],"urlFilter":"||hnytt.no/wp-content/uploads/*/fluffy.jpg^"},"id":368,"priority":10},
{"action":{"type":"block"},"condition":{"resourceTypes":["image"],"urlFilter":"||indblik.net/wp-content/uploads/angwp^"},"id":369,"priority":10},
{"action":{"type":"block"},"condition":{"resourceTypes":["image"],"urlFilter":"||isolor.no/wp-content/uploads/*-toppbanner-"},"id":370,"priority":10},
{"action":{"type":"block"},"condition":{"resourceTypes":["image"],"urlFilter":"||karfan.is/wp-content/uploads/*-vefbor%c3%b0i-"},"id":371,"priority":10},
{"action":{"type":"block"},"condition":{"resourceTypes":["image"],"urlFilter":"||leikjaland.is/*/bannerstopright/"},"id":372,"priority":10},
{"action":{"type":"block"},"condition":{"resourceTypes":["image"],"urlFilter":"||levmeddiabetes.no/content/uploads/*/accu-"},"id":373,"priority":10},
{"action":{"type":"block"},"condition":{"resourceTypes":["image"],"urlFilter":"||magasinetreiselyst.no/wp-content/*_annonse*promo"},"id":374,"priority":10},
{"action":{"type":"block"},"condition":{"resourceTypes":["image"],"urlFilter":"||malviknytt.no/wp-content/uploads/*-firkant-*e1*."},"id":375,"priority":10},
{"action":{"type":"block"},"condition":{"resourceTypes":["image"],"urlFilter":"||melkoghonning.no/wp-content/uploads/*_banner_"},"id":376,"priority":10},
{"action":{"type":"block"},"condition":{"resourceTypes":["image"],"urlFilter":"||nvnytt.no/images/*annonse-"},"id":377,"priority":10},
{"action":{"type":"block"},"condition":{"resourceTypes":["image"],"urlFilter":"||nyteknikk.no/images.php/180x^"},"id":378,"priority":10},
{"action":{"type":"block"},"condition":{"resourceTypes":["image"],"urlFilter":"||nyteknikk.no/images.php/x150^"},"id":379,"priority":10},
{"action":{"type":"block"},"condition":{"resourceTypes":["image"],"urlFilter":"||oppdrettstorget.no/images/cms^"},"id":380,"priority":10},
{"action":{"type":"block"},"condition":{"resourceTypes":["image"],"urlFilter":"||oyggjatidindi.com/vev_banners/*l%c3%bdsing"},"id":381,"priority":10},
{"action":{"type":"block"},"condition":{"resourceTypes":["image"],"urlFilter":"||reavisa.blob.core.windows.net/*-annonse-"},"id":382,"priority":10},
{"action":{"type":"block"},"condition":{"resourceTypes":["image"],"urlFilter":"||reavisa.blob.core.windows.net/*_300x100"},"id":383,"priority":10},
{"action":{"type":"block"},"condition":{"resourceTypes":["image"],"urlFilter":"||reavisa.blob.core.windows.net/*_annonse_"},"id":384,"priority":10},
{"action":{"type":"block"},"condition":{"resourceTypes":["image"],"urlFilter":"||reavisa.blob.core.windows.net/*visittkort"},"id":385,"priority":10},
{"action":{"type":"block"},"condition":{"resourceTypes":["image"],"urlFilter":"||reiseliv.no/wp-content/uploads/*-annons%c3%b8rinnhold-*-aksjer-*."},"id":386,"priority":10},
{"action":{"type":"block"},"condition":{"resourceTypes":["image"],"urlFilter":"||rett24.no*/_/attachment/inline/"},"id":387,"priority":10},
{"action":{"type":"block"},"condition":{"resourceTypes":["image"],"urlFilter":"||s3-eu-west-1.amazonaws.com/froya/*-980x500-"},"id":388,"priority":10},
{"action":{"type":"block"},"condition":{"resourceTypes":["image"],"urlFilter":"||s3-eu-west-1.amazonaws.com/froya/*-toppannonse-"},"id":389,"priority":10},
{"action":{"type":"block"},"condition":{"resourceTypes":["image"],"urlFilter":"||s3-eu-west-1.amazonaws.com/froya/*nettannonse-"},"id":390,"priority":10},
{"action":{"type":"block"},"condition":{"resourceTypes":["image"],"urlFilter":"||seksualitet24.no/wp-content/uploads/*/sinful_"},"id":391,"priority":10},
{"action":{"type":"block"},"condition":{"resourceTypes":["image"],"urlFilter":"||teknologiskmatforum.no/viewimage.aspx?*width=343^"},"id":392,"priority":10},
{"action":{"type":"block"},"condition":{"resourceTypes":["image"],"urlFilter":"||thainytt.no/files/160_"},"id":393,"priority":10},
{"action":{"type":"block"},"condition":{"resourceTypes":["image"],"urlFilter":"||travservice.dk/wp-content^"},"id":394,"priority":10},
{"action":{"type":"block"},"condition":{"resourceTypes":["image"],"urlFilter":"||trolli.is/wp-content/*/banner"},"id":395,"priority":10},
{"action":{"type":"block"},"condition":{"resourceTypes":["image"],"urlFilter":"||trolli.is/wp-content/*/hollin_olafsfirdi"},"id":396,"priority":10},
{"action":{"type":"block"},"condition":{"resourceTypes":["image"],"urlFilter":"||trolli.is/wp-content/*/syngjum-kubbur"},"id":397,"priority":10},
{"action":{"type":"block"},"condition":{"resourceTypes":["image"],"urlFilter":"||trolli.is/wp-content/*/vefsmarinn"},"id":398,"priority":10},
{"action":{"type":"block"},"condition":{"resourceTypes":["image"],"urlFilter":"||trolli.is/wp-content/*/videoval_logo"},"id":399,"priority":10},
{"action":{"type":"block"},"condition":{"resourceTypes":["image"],"urlFilter":"||tunnelsyn1.files.wordpress.com/*/sotra-trelast-isolasjon"},"id":400,"priority":10},
{"action":{"type":"block"},"condition":{"resourceTypes":["image"],"urlFilter":"||tv2.no/prod/sponsor^"},"id":401,"priority":10},
{"action":{"type":"block"},"condition":{"resourceTypes":["image"],"urlFilter":"||tvkampen.com/media/*/banner*"},"id":402,"priority":10},
{"action":{"type":"block"},"condition":{"resourceTypes":["image"],"urlFilter":"||tvkampen.com/media/partners/unibet-lo"},"id":403,"priority":10},
{"action":{"type":"block"},"condition":{"resourceTypes":["image"],"urlFilter":"||utrop.no/wp-content/uploads/*/banner_utrop"},"id":404,"priority":10},
{"action":{"type":"block"},"condition":{"resourceTypes":["image"],"urlFilter":"||vaktin.is/grkuk^"},"id":405,"priority":10},
{"action":{"type":"block"},"condition":{"resourceTypes":["image"],"urlFilter":"/lykill_banner"},"id":406,"priority":10},
{"action":{"type":"block"},"condition":{"resourceTypes":["image"],"urlFilter":"||images.sprinklecontent.com/*.amazonaws.com%2fimages%"},"id":407,"priority":10},
{"action":{"type":"block"},"condition":{"resourceTypes":["image"],"urlFilter":".no/api/unit-image?config="},"id":408,"priority":10},
{"action":{"type":"block"},"condition":{"resourceTypes":["image"],"urlFilter":"/banners/casinotop"},"id":409,"priority":10},
{"action":{"type":"block"},"condition":{"resourceTypes":["image"],"urlFilter":"*galleri.dk/content/images/fixed^"},"id":410,"priority":10},
{"action":{"type":"block"},"condition":{"resourceTypes":["image"],"urlFilter":"||fo/css/img/banner2x1.png"},"id":411,"priority":10},
{"action":{"type":"block"},"condition":{"resourceTypes":["image"],"urlFilter":"||images.media.xxlsports.com/images/h90/h9d/9339713159198/bg.jpg"},"id":412,"priority":10},
{"action":{"type":"block"},"condition":{"resourceTypes":["image"],"urlFilter":"||platekompaniet.no/assets/img/background.png"},"id":413,"priority":10},
{"action":{"type":"block"},"condition":{"resourceTypes":["image"],"urlFilter":"||pepcall.no/wp-content/uploads/2015/04/bakgrunn-forside.jpg"},"id":414,"priority":10},
{"action":{"type":"block"},"condition":{"resourceTypes":["image"],"urlFilter":"||tv2.no/s/lab/2.5/p/img/tv2-background.svg"},"id":415,"priority":10},
{"action":{"type":"block"},"condition":{"resourceTypes":["image"],"urlFilter":"||dagligvarehandelen.no/sites/all/themes/custom/ledelseas/gfx/veil.png"},"id":416,"priority":10},
{"action":{"type":"block"},"condition":{"resourceTypes":["image"],"urlFilter":"||vg.no/vgc/pool/tipster.png^"},"id":417,"priority":10},
{"action":{"type":"block"},"condition":{"resourceTypes":["image"],"urlFilter":"/pustehullet/betting-header.png^"},"id":418,"priority":10},
{"action":{"type":"block"},"condition":{"resourceTypes":["image"],"urlFilter":"||akamai.vgc.no/drfront3^"},"id":419,"priority":10},
{"action":{"type":"block"},"condition":{"requestDomains":["85.17.76.181","boligkanalen-maestro-new.azurewebsites.net","ndstage.wpengine.com","print2web.sn.dk","via.placeholder.com"],"resourceTypes":["image"]},"id":420,"priority":10},
{"action":{"type":"block"},"condition":{"resourceTypes":["script"],"urlFilter":"||no/vendor/apx^"},"id":421,"priority":10},
{"action":{"type":"block"},"condition":{"initiatorDomains":["nettavisen.no","www-nettavisen-no.translate.goog"],"resourceTypes":["script"],"urlFilter":"-bazaar-"},"id":422,"priority":10},
{"action":{"type":"block"},"condition":{"initiatorDomains":["nettavisen.no","www-nettavisen-no.translate.goog"],"resourceTypes":["script"],"urlFilter":"/bazaar/"},"id":423,"priority":10},
{"action":{"type":"block"},"condition":{"resourceTypes":["script"],"urlFilter":"||aa-cdn.mytaste.org/js/ad.js"},"id":424,"priority":10},
{"action":{"type":"block"},"condition":{"resourceTypes":["script"],"urlFilter":"||aftenposten.no/seksjon/dist/ads-"},"id":425,"priority":10},
{"action":{"type":"block"},"condition":{"resourceTypes":["script"],"urlFilter":"||viasport-assets.mtg-api.com/*/prod/comscore-*.js"},"id":426,"priority":10},
{"action":{"type":"block"},"condition":{"initiatorDomains":["www.frende.no"],"resourceTypes":["xmlhttprequest"],"urlFilter":"||api.frende.no/webshop/log"},"id":427,"priority":10},
{"action":{"type":"block"},"condition":{"initiatorDomains":["sol-no.translate.goog","sol.no"],"resourceTypes":["xmlhttprequest"],"urlFilter":"contentmarketing"},"id":428,"priority":10},
{"action":{"type":"block"},"condition":{"initiatorDomains":["www.digi.no","www.tu.no"],"resourceTypes":["xmlhttprequest"],"urlFilter":"||piano.io/xbuilder/experience/execute^"},"id":429,"priority":10},
{"action":{"type":"block"},"condition":{"resourceTypes":["sub_frame"],"urlFilter":"||auglysingar.*.is^"},"id":430,"priority":10},
{"action":{"type":"block"},"condition":{"resourceTypes":["sub_frame"],"urlFilter":"||s3.eu-west-1.amazonaws.com/ads."},"id":431,"priority":10},
{"action":{"type":"block"},"condition":{"resourceTypes":["sub_frame"],"urlFilter":"||730.no/banner/*/sonymusic/"},"id":432,"priority":10},
{"action":{"type":"block"},"condition":{"resourceTypes":["sub_frame"],"urlFilter":"||banner.landbrugsavisen.dk/reklame.aspx"},"id":433,"priority":10},
{"action":{"type":"block"},"condition":{"initiatorDomains":["bt.no"],"requestDomains":["finn.no"],"resourceTypes":["sub_frame"]},"id":434,"priority":10},
{"action":{"type":"block"},"condition":{"resourceTypes":["sub_frame"],"urlFilter":"||forum.flyprat.no/images/r/header^"},"id":435,"priority":10},
{"action":{"type":"block"},"condition":{"resourceTypes":["sub_frame"],"urlFilter":"||mmm.dk/safeframe^"},"id":436,"priority":10},
{"action":{"type":"block"},"condition":{"resourceTypes":["sub_frame"],"urlFilter":"||nordlysid.fo/lysing^"},"id":437,"priority":10},
{"action":{"type":"block"},"condition":{"resourceTypes":["sub_frame"],"urlFilter":"||thaiguiden.no/tg-980.html"},"id":438,"priority":10},
{"action":{"type":"block"},"condition":{"resourceTypes":["sub_frame"],"urlFilter":"||youtube.com/embed/*&origin=https%3a%2f%2fwww.feltet.dk&widgetid=1"},"id":439,"priority":10},
{"action":{"type":"block"},"condition":{"resourceTypes":["sub_frame"],"urlFilter":"||artodata.net/site/ads/"},"id":440,"priority":10},
{"action":{"type":"block"},"condition":{"initiatorDomains":["www-nrk-no.translate.goog"],"requestDomains":["innlogging.nrk.no"],"resourceTypes":["sub_frame"]},"id":441,"priority":10},
{"action":{"type":"block"},"condition":{"excludedInitiatorDomains":["tipster.no"],"requestDomains":["widget.tippebannere.no"],"resourceTypes":["sub_frame"]},"id":442,"priority":10},
{"action":{"type":"block"},"condition":{"resourceTypes":["sub_frame"],"urlFilter":"||tipster.no/embed"},"id":443,"priority":10},
{"action":{"type":"block"},"condition":{"requestDomains":["isweb.no"],"resourceTypes":["sub_frame"]},"id":444,"priority":10},
{"action":{"type":"block"},"condition":{"resourceTypes":["xmlhttprequest"],"urlFilter":"://aj2*.online^"},"id":445,"priority":10},
{"action":{"type":"block"},"condition":{"resourceTypes":["main_frame"],"urlFilter":"/begrensede-tilbudet/"},"id":446,"priority":10},
{"action":{"type":"block"},"condition":{"resourceTypes":["main_frame"],"urlFilter":"/bli-avbrutt-bor-du-oppdater/"},"id":447,"priority":10},
{"action":{"type":"block"},"condition":{"resourceTypes":["main_frame"],"urlFilter":"/dnb11111^"},"id":448,"priority":10},
{"action":{"type":"block"},"condition":{"resourceTypes":["main_frame"],"urlFilter":"/kiwierbjudanden1/"},"id":449,"priority":10},
{"action":{"type":"block"},"condition":{"resourceTypes":["main_frame"],"urlFilter":"/norgesecure/"},"id":450,"priority":10},
{"action":{"type":"block"},"condition":{"resourceTypes":["main_frame"],"urlFilter":"/pakkerlevering/"},"id":451,"priority":10},
{"action":{"type":"block"},"condition":{"excludedInitiatorDomains":["facebook.com"],"resourceTypes":["main_frame"],"urlFilter":"/finn.no/finno.htm"},"id":452,"priority":10},
{"action":{"type":"block"},"condition":{"resourceTypes":["main_frame"],"urlFilter":".gratis-reisebilletter."},"id":453,"priority":10},
{"action":{"type":"block"},"condition":{"resourceTypes":["main_frame"],"urlFilter":"||coop.no."},"id":454,"priority":10},
{"action":{"type":"block"},"condition":{"resourceTypes":["main_frame"],"urlFilter":"||danskebank.no."},"id":455,"priority":10},
{"action":{"type":"block"},"condition":{"resourceTypes":["main_frame"],"urlFilter":"||djurs.com-*."},"id":456,"priority":10},
{"action":{"type":"block"},"condition":{"resourceTypes":["main_frame"],"urlFilter":"||dnb.no."},"id":457,"priority":10},
{"action":{"type":"block"},"condition":{"resourceTypes":["main_frame"],"urlFilter":"||elkjop.no."},"id":458,"priority":10},
{"action":{"type":"block"},"condition":{"resourceTypes":["main_frame"],"urlFilter":"||finn.no."},"id":459,"priority":10},
{"action":{"type":"block"},"condition":{"resourceTypes":["main_frame"],"urlFilter":"||flysas-no."},"id":460,"priority":10},
{"action":{"type":"block"},"condition":{"resourceTypes":["main_frame"],"urlFilter":"||komplett.no."},"id":461,"priority":10},
{"action":{"type":"block"},"condition":{"resourceTypes":["main_frame"],"urlFilter":"||nordea.no."},"id":462,"priority":10},
{"action":{"type":"block"},"condition":{"resourceTypes":["main_frame"],"urlFilter":"||nordnet.no."},"id":463,"priority":10},
{"action":{"type":"block"},"condition":{"resourceTypes":["main_frame"],"urlFilter":"||norwegian.com."},"id":464,"priority":10},
{"action":{"type":"block"},"condition":{"resourceTypes":["main_frame"],"urlFilter":"||posten.no."},"id":465,"priority":10},
{"action":{"type":"block"},"condition":{"resourceTypes":["main_frame"],"urlFilter":"||postnord.no."},"id":466,"priority":10},
{"action":{"type":"block"},"condition":{"resourceTypes":["main_frame"],"urlFilter":"||sbanken.no."},"id":467,"priority":10},
{"action":{"type":"block"},"condition":{"resourceTypes":["main_frame"],"urlFilter":"||shell.no."},"id":468,"priority":10},
{"action":{"type":"block"},"condition":{"resourceTypes":["main_frame"],"urlFilter":"||skatteetaten.no."},"id":469,"priority":10},
{"action":{"type":"block"},"condition":{"resourceTypes":["main_frame"],"urlFilter":"||sparebank1.no."},"id":470,"priority":10},
{"action":{"type":"block"},"condition":{"resourceTypes":["main_frame"],"urlFilter":"||tusenfryd-com."},"id":471,"priority":10},
{"action":{"type":"block"},"condition":{"resourceTypes":["main_frame"],"urlFilter":"||vg.no."},"id":472,"priority":10},
{"action":{"type":"block"},"condition":{"resourceTypes":["main_frame"],"urlFilter":"||vipps-sikkerhet."},"id":473,"priority":10},
{"action":{"type":"block"},"condition":{"resourceTypes":["main_frame"],"urlFilter":"/?finn.no/login"},"id":474,"priority":10},
{"action":{"type":"block"},"condition":{"resourceTypes":["xmlhttprequest"],"urlFilter":"://aj2*.bid^"},"id":475,"priority":10},
{"action":{"type":"block"},"condition":{"resourceTypes":["main_frame"],"urlFilter":"*danmarks.com^"},"id":476,"priority":10},
{"action":{"type":"block"},"condition":{"resourceTypes":["main_frame"],"urlFilter":"*norgno.com^"},"id":477,"priority":10},
{"action":{"type":"block"},"condition":{"resourceTypes":["main_frame"],"urlFilter":"*norges.com^"},"id":478,"priority":10},
{"action":{"type":"block"},"condition":{"resourceTypes":["main_frame"],"urlFilter":"*norgebutikk.com^"},"id":479,"priority":10},
{"action":{"type":"block"},"condition":{"resourceTypes":["main_frame"],"urlFilter":"*norgestore.com^"},"id":480,"priority":10},
{"action":{"type":"block"},"condition":{"resourceTypes":["main_frame"],"urlFilter":"*norge-no.com^"},"id":481,"priority":10},
{"action":{"type":"block"},"condition":{"resourceTypes":["main_frame"],"urlFilter":"*norgestores.com^"},"id":482,"priority":10},
{"action":{"type":"block"},"condition":{"resourceTypes":["main_frame"],"urlFilter":"*skobutikks.com^"},"id":483,"priority":10},
{"action":{"type":"block"},"condition":{"resourceTypes":["main_frame"],"urlFilter":"*butikksoslo.com^"},"id":484,"priority":10},
{"action":{"type":"block"},"condition":{"resourceTypes":["main_frame"],"urlFilter":"||paypal.*.no|"},"id":485,"priority":10},
{"action":{"type":"block"},"condition":{"resourceTypes":["main_frame"],"urlFilter":"||paypal.*.no/"},"id":486,"priority":10},
{"action":{"type":"block"},"condition":{"resourceTypes":["main_frame"],"urlFilter":"||kongeparken.com-"},"id":487,"priority":10},
{"action":{"type":"block"},"condition":{"resourceTypes":["main_frame"],"urlFilter":"||kiwi.com-"},"id":488,"priority":10},
{"action":{"type":"block"},"condition":{"resourceTypes":["main_frame"],"urlFilter":"||getmail-no."},"id":489,"priority":10},
{"action":{"type":"block"},"condition":{"resourceTypes":["main_frame"],"urlFilter":"||elkjop*.club^"},"id":490,"priority":10},
{"action":{"type":"block"},"condition":{"resourceTypes":["main_frame"],"urlFilter":"/css/*sparebank1.no^"},"id":491,"priority":10},
{"action":{"type":"block"},"condition":{"resourceTypes":["main_frame"],"urlFilter":"||faarup.com-*."},"id":492,"priority":10},
{"action":{"type":"block"},"condition":{"resourceTypes":["main_frame"],"urlFilter":"||legoland.com-*."},"id":493,"priority":10},
{"action":{"type":"block"},"condition":{"resourceTypes":["main_frame"],"urlFilter":"||ekstrabiadet."},"id":494,"priority":10},
{"action":{"type":"block"},"condition":{"resourceTypes":["main_frame"],"urlFilter":"||fintechnow*.buzz^"},"id":495,"priority":10},
{"action":{"type":"block"},"condition":{"resourceTypes":["main_frame"],"urlFilter":"||wealthnews*.xyz^"},"id":496,"priority":10},
{"action":{"type":"block"},"condition":{"resourceTypes":["main_frame"],"urlFilter":"||norge.*.icu^"},"id":497,"priority":10},
{"action":{"type":"block"},"condition":{"resourceTypes":["main_frame"],"urlFilter":"||euronews*.buzz^"},"id":498,"priority":10},
{"action":{"type":"block"},"condition":{"resourceTypes":["main_frame"],"urlFilter":"||softwaredaily*.monster^"},"id":499,"priority":10},
{"action":{"type":"block"},"condition":{"resourceTypes":["main_frame"],"urlFilter":"||stalknews*.buzz^"},"id":500,"priority":10},
{"action":{"type":"block"},"condition":{"resourceTypes":["main_frame"],"urlFilter":"||goldupdates*.xyz^"},"id":501,"priority":10},
{"action":{"type":"block"},"condition":{"resourceTypes":["main_frame"],"urlFilter":"||sikre-vipps-konto."},"id":502,"priority":10},
{"action":{"type":"block"},"condition":{"resourceTypes":["main_frame"],"urlFilter":"/cop-no/index.htm"},"id":503,"priority":10},
{"action":{"type":"block"},"condition":{"resourceTypes":["main_frame"],"urlFilter":"/survey/heldige^"},"id":504,"priority":10},
{"action":{"type":"block"},"condition":{"resourceTypes":["main_frame"],"urlFilter":"||sites.google.*/halaman-muka^"},"id":505,"priority":10},
{"action":{"type":"block"},"condition":{"resourceTypes":["main_frame"],"urlFilter":"||sites.google.com/view/truls-svendsen^"},"id":506,"priority":10},
{"action":{"type":"block"},"condition":{"resourceTypes":["main_frame"],"urlFilter":"||signup-*vpns.com^"},"id":507,"priority":10},
{"action":{"type":"block"},"condition":{"resourceTypes":["main_frame"],"urlFilter":"||telenors.*.cx^"},"id":508,"priority":10},
{"action":{"type":"block"},"condition":{"resourceTypes":["main_frame"],"urlFilter":"-sparebank1.*.net^"},"id":509,"priority":10},
{"action":{"type":"block"},"condition":{"resourceTypes":["main_frame"],"urlFilter":"||com/vg.no|"},"id":510,"priority":10},
{"action":{"type":"block"},"condition":{"resourceTypes":["main_frame"],"urlFilter":"||minklubshop.dk/dk^"},"id":511,"priority":10},
{"action":{"type":"block"},"condition":{"resourceTypes":["main_frame"],"urlFilter":"||cx/nordea|"},"id":512,"priority":10},
{"action":{"type":"block"},"condition":{"resourceTypes":["main_frame"],"urlFilter":"||cx/sparebank"},"id":513,"priority":10},
{"action":{"type":"block"},"condition":{"resourceTypes":["main_frame"],"urlFilter":"||cx/sbanken|"},"id":514,"priority":10},
{"action":{"type":"block"},"condition":{"excludedInitiatorDomains":["dk","no","se"],"resourceTypes":["main_frame"],"urlFilter":"||minklarna."},"id":515,"priority":10},
{"action":{"type":"block"},"condition":{"resourceTypes":["main_frame"],"urlFilter":"*norgesalg.com^"},"id":516,"priority":10},
{"action":{"type":"block"},"condition":{"resourceTypes":["main_frame"],"urlFilter":"*salgnorge.com^"},"id":517,"priority":10},
{"action":{"type":"block"},"condition":{"resourceTypes":["main_frame"],"urlFilter":"||easypark-"},"id":518,"priority":10},
{"action":{"type":"block"},"condition":{"resourceTypes":["main_frame"],"urlFilter":"-med.footeo.com^"},"id":519,"priority":10},
{"action":{"type":"block"},"condition":{"resourceTypes":["main_frame"],"urlFilter":"*medisin*.over-blog.com^"},"id":520,"priority":10},
{"action":{"type":"block"},"condition":{"resourceTypes":["main_frame"],"urlFilter":"||xanax*.over-blog.com^"},"id":521,"priority":10},
{"action":{"type":"block"},"condition":{"initiatorDomains":["discoveryplus.com"],"requestDomains":["akamaihd.net","dnitv.com"],"resourceTypes":["media"]},"id":522,"priority":10},
{"action":{"type":"block"},"condition":{"domainType":"firstParty","initiatorDomains":["eyjafrettir.is"],"resourceTypes":["image"],"urlFilter":"_1170x400."},"id":523,"priority":10},
{"action":{"type":"block"},"condition":{"domainType":"firstParty","initiatorDomains":["eyjafrettir.is"],"resourceTypes":["image"],"urlFilter":"/1170x400_"},"id":524,"priority":10},
{"action":{"type":"block"},"condition":{"domainType":"firstParty","resourceTypes":["script"],"urlFilter":"||vg.no/cnp-assets/src/sites/vg/components/adblockmodal"},"id":525,"priority":10},
{"action":{"type":"block"},"condition":{"domainType":"firstParty","resourceTypes":["xmlhttprequest"],"urlFilter":".no/api/unit-image?"},"id":526,"priority":10},
{"action":{"type":"block"},"condition":{"domainType":"firstParty","resourceTypes":["ping","xmlhttprequest"],"urlFilter":"||no/app/aas^"},"id":527,"priority":10},
{"action":{"type":"block"},"condition":{"domainType":"firstParty","resourceTypes":["ping","xmlhttprequest"],"urlFilter":"://aas.*.no/a/|"},"id":528,"priority":10},
{"action":{"type":"block"},"condition":{"domainType":"thirdParty","urlFilter":"||vefbordar.*.is^"},"id":529,"priority":10},
{"action":{"type":"block"},"condition":{"domainType":"thirdParty","urlFilter":"||vevlysingar.*.com^"},"id":530,"priority":10},
{"action":{"type":"block"},"condition":{"requestDomains":["102.112.2o7.net","24-news.online","65.21.200.49","790northsierrabonita.com","a2ics.eu","acc-inf.com","acc-ntfix.com","accessmyretur.com","addmoviesnow.com","adgangsikret.com","adidasko.com","aib-loginsecure.com","airmaxskobillige.com","aktienboard.com","aktivalia-ntflx.com","app-netfiix.com","assassinfitness.com","bamboobotanica.com","be-lnfo.com","be-sms.com","betzykrisesenter.no","billing-invalid.com","billingservice02-myinfo.com","binance-bedring.com","bitcoinevolutionaustraliareview.com","borgerpost-mitdk.com","bov-userid-application.com","bov-userid.com","brightertrade.com","brugerverificering.com","businessonline-webchat.com","byra-altinn.com","ca-srvpayment.com","campbell-living.com","channawars.com","chase-verify-activity.com","cinefique.com","cionialessio.it","citra2010oslo.no","city-parking-ssl1.com","clientnetflixcenter.com","co-accountswitch.com","co-switchaccount.com","com-dk.com","comm-bankverify.com","connection-info.com","coralls.com","cphspaogwellness.dk","daradis.com","dhl-aus-id.com","dhl-trackng.com","digitalbrevpost.com","digitalemitdportal.com","digiter.no","directdigital-services.com","disney-abonnements.com","disney-facturations.com","disneyplus-tv.com","ditsunde.dk","dkfodboldstore.com","dplus-pixar.com","drakternorge.com","drcarolyngroff.com","dundeehills.group","dunjakke-no.com","e-boksinfor.com","e-interactransfer.com","earnifi-claiming.com","easydisplay.no","easywebauthentication-td.com","ebanking-userid.com","eccolabgroup.com","economywatch.com","edksundportal.com","eltlnorsgogle.is-a-cpa.com","eportalsundhed.com","esundinfo-dk.com","fakturalosning.com","fancywoman.dk","fartuelt.dk","flix-area.com","flix-request.com","fornyeportalen.com","fotballsko-salg.com","fr135.net","fredensborg-orredfiskeri.dk","fredfiber.no","galerijajava.ba","gateway-kraken.com","geometra-bologna.it","gmailsetupinfo.com","godtdsamaritansk.com","gogle.net","gsport.com","havfruen4220.dk","hcliips.com","helpnet-device.com","helsehjelp.over-blog.com","hernoclothing.com","indtoll.com","indtollswebt.com","informationer.nu","innboks.info","intrumtunnistus.com","irb.dk","is-a-personaltrainer.com","itmitsikkert-nu.com","itsme-support.com","jakkesalgs.com","jakkesnorge.com","jensapoteker.com","jimmychoostore.top","k-yw.com","kjaerra.no","kohlershop.dk","kontrast1.no","kvkregister.com","levering-myups.com","linkednordersalenavigate.com","linkshe.com","liveshopdealz.com","lnfoskonto.com","look-like-star.myshopify.com","marson.footeo.com","mbtnorge.com","melding.link","mijnups-pakket.com","min-altinnboks.com","min-borgerepost.com","minaltinn-info.com","minaltinninfo.com","minbrugerpost.com","minsikreboks.com","minsundhed-tjek.com","missed-id.com","mit-digitalopna.com","mitborgere.com","mitborgereportal.com","mitdigitalborger-post.com","miteinfo-nu.com","mitld-forholdsregler.com","mobilepay-finland.com","mobilidentitet.com","mobilpay-fi.com","mobiltrygheden.com","mobilunderskriv.com","moteshoes.com","mrcal365.com","mxdesign.dk","my-netflixssl1.com","my-subscriptions.net","my02-billinghelp.com","myaccount-billing-details.com","myaccountneftlixssl1.com","mycraftypad.com","myups-pakket.com","myups.express","myupsdelivery-ssl1.com","nemlogindigitalbrevkasse.com","netfiix-abo.com","netfiix-app.com","netfiixtv.com","netflix-bhr.com","netflx-tv.com","netfx-acc.com","netfx-pagos.com","newzeninfotech.com","ney-acc.com","nflix-management.com","nflix-reactivacion.com","niupaiba.com","no-aut.co","no-bekreft.com","no-confir.com","no-erne.com","no-erne.live","no-nye.live","no-renovere.com","no-sikkerhet.com","no-update.live","no-updater.live","nodrakts.com","nofotballshop.com","nofotballstore.com","nordeninterior.weebly.com","norfotball.com","norgefotball.com","norgeshoes.com","norskmatkultur.no","norskoffroadteknikk.no","norskposten.com","ntfx-acc.com","nyematoghelse.no","ocgadgets.com","ocgadgetss.myshopify.com","offerleads.club","oflike.com","onetime-bonus.com","online-connection-review.com","onlinehelpcenetre.com","optankning.com","oslo-tannlegene.no","ozarkvillage.net","p-stn.net","parajumperssalg.com","parking-onlinepayment.com","parking-ticket2024.com","parkpay-reminder.com","parkpay-tickt.com","parkticket-pay.com","pay-ticket2024.com","payement-renew.me","paynow-ticket.com","pearlandcarpetcleaner.com","pensjonistferie.no","pestseminars.com","pjs.outlet.com","popeurope.com","portalsikkerhet.com","postuksus.com","premosupplements.com","printablemagic.com","privatedagplejere.dk","probenefit.net","pt-netfiix.com","rebill-netflix.com","recover-dk.com","regions-services.com","regions-verification.com","replicapatekphilippe.com","replicarolexyachtmaster.com","report-action.com","reschdl-myups1.com","reschedule-myups.com","restore0-2account-service.com","ri-myorder.com","rigspolitiet.com","rnbinance.com","rumendia.com","s.free.fr","saaq-click.com","safe-secured-transfer.com","santandersecurept.com","secureaccountcredentials.com","secureriches.com","securmarksykkel.no","sessionpaused-requestexpired.com","sikker-digitaipost.com","sikker-vlpps.com","sikkeradmin.com","sikkerbekreftelse.com","sikkerinngang.com","sikkerportal-altinn.com","sikkerportal-boks.com","sikkertapotek.com","sikkertilgang-altinn.com","sitey.me","sky.gs","smallrise.com","smsb.co","sobrilleverandoridanmark.wordpress.com","sociale-assurance.com","spotfy-regulation.com","srilanka.no","ssbeveragedistribution.com","ssl-app.com","sslh1-myparkingticket.com","sslnetflix.com","start-myaltinn.com","static-dscn.net","sundhed-einfoportal.com","sundhed-tjek.com","sundhedportaldk.com","superbinvest.com","tachyoniums.eu.com","tax-binance.com","techsantandersecure.com","tekuon.com","thecoolgirl.no","topshineauto.no","trackingfindups.com","trackingpackage.express","trmff.wpengine.com","tromselementbygg.no","tsbconnect-verification.com","tsbsecurity-online.com","tv-netfiix.com","ultimate-tech-products.myshopify.com","um-bs.com","ups-packaging.delivery","ups-rescheduledelivery.com","ups-upsnow.com","ups1-reschdl.com","upsbezahlung.com","upsreschedule-uy.com","usaa-verify.com","user-amazon-id.com","usps-fast.club","valspe.com.br","vat-reschedule.com","verification-no.com","vidcopa.me","vmfodboldtoj.com","vossblues.no","webavisen.gl","wf-securelogin.com","wirexapp.africa.com","wisehelpcentre.com","wxqgx123.com","y6.no","yttersiden.no"],"resourceTypes":["main_frame"]},"id":531,"priority":10},
{"action":{"type":"block"},"condition":{"domainType":"thirdParty","urlFilter":"||services.api.no/api/bazaar^"},"id":532,"priority":10},
{"action":{"type":"block"},"condition":{"domainType":"thirdParty","urlFilter":"||ni.dk/ni-news/*feed/*-bottom.html^"},"id":533,"priority":10},
{"action":{"type":"block"},"condition":{"domainType":"thirdParty","excludedInitiatorDomains":["norsktipping.no","tipster.no"],"requestDomains":["norsktippingpartner.no"]},"id":534,"priority":10},
{"action":{"type":"block"},"condition":{"domainType":"thirdParty","urlFilter":"||content.livesportmedia.eu/api/v*/banners^"},"id":535,"priority":10},
{"action":{"type":"block"},"condition":{"domainType":"thirdParty","requestDomains":["matriell.dm-storage.no","tracking-genesisaffiliates.com"],"resourceTypes":["image"]},"id":536,"priority":10},
{"action":{"type":"block"},"condition":{"domainType":"thirdParty","resourceTypes":["image"],"urlFilter":"||service.tekhus.dk/*.jpg^"},"id":537,"priority":10},
{"action":{"type":"block"},"condition":{"domainType":"thirdParty","resourceTypes":["image"],"urlFilter":"||skisverige.dk/*banner_*.gif^"},"id":538,"priority":10},
{"action":{"type":"block"},"condition":{"domainType":"thirdParty","resourceTypes":["object"],"urlFilter":"||finn.no/distribution-carousel?"},"id":539,"priority":10},
{"action":{"type":"block"},"condition":{"domainType":"thirdParty","requestDomains":["app.pulsmedia.is","tize.no","vevlysingar.fo"],"resourceTypes":["sub_frame"]},"id":540,"priority":10},
{"action":{"type":"block"},"condition":{"domainType":"thirdParty","excludedInitiatorDomains":["tipster.no"],"resourceTypes":["sub_frame"],"urlFilter":"||cdn.rikstoto.no/expert/gameshop^"},"id":541,"priority":10},
{"action":{"type":"block"},"condition":{"domainType":"thirdParty","resourceTypes":["sub_frame"],"urlFilter":"||deals.innocode.no/api^"},"id":542,"priority":10},
{"action":{"type":"block"},"condition":{"domainType":"thirdParty","resourceTypes":["sub_frame"],"urlFilter":"||media.sonymusic.no/marketing/*.html"},"id":543,"priority":10},
{"action":{"type":"block"},"condition":{"domainType":"thirdParty","resourceTypes":["sub_frame"],"urlFilter":"||finn.no/distribution-front/external/carousel^"},"id":544,"priority":10},
{"action":{"type":"block"},"condition":{"domainType":"thirdParty","excludedInitiatorDomains":["norsk-tipping.no","tipster.no"],"resourceTypes":["sub_frame"],"urlFilter":".cloudfront.net/oddsen^"},"id":545,"priority":10},
{"action":{"type":"allow"},"condition":{"urlFilter":"||cdnboligkanalen.azureedge.net/*width=2000^"},"id":546,"priority":30},
{"action":{"type":"allow"},"condition":{"urlFilter":"||musikknyheter.no/banners/skribent"},"id":547,"priority":30},
{"action":{"type":"allow"},"condition":{"urlFilter":"||n247.no/salg/an_%7b40"},"id":548,"priority":30},
{"action":{"type":"allow"},"condition":{"urlFilter":"||n247.no/salg/an_%7b6c"},"id":549,"priority":30},
{"action":{"type":"allow"},"condition":{"urlFilter":"||n247.no/salg/karusell_17"},"id":550,"priority":30},
{"action":{"type":"allow"},"condition":{"urlFilter":"||radiohallingdal.no/abanners/img/facebook."},"id":551,"priority":30},
{"action":{"type":"allow"},"condition":{"urlFilter":"||via.placeholder.com/1|"},"id":562,"priority":30},
{"action":{"type":"allow"},"condition":{"urlFilter":"||stillingledig.*.no^"},"id":563,"priority":30},
{"action":{"type":"allow"},"condition":{"initiatorDomains":["vg.no"],"urlFilter":"||schibsted.com/autotracker"},"id":564,"priority":30},
{"action":{"type":"allow"},"condition":{"urlFilter":"||medlemskap.*.no^"},"id":565,"priority":30},
{"action":{"type":"allow"},"condition":{"initiatorDomains":["sparebank1.no"],"urlFilter":"/pm-blikunde/1x1.png^"},"id":566,"priority":30},
{"action":{"type":"allow"},"condition":{"initiatorDomains":["realityportalen.dk"],"urlFilter":"/images/*youtube.jpg"},"id":567,"priority":30},
{"action":{"type":"allow"},"condition":{"initiatorDomains":["samiteahter.org"],"requestDomains":["api.instagram.com"]},"id":568,"priority":30},
{"action":{"type":"allow"},"condition":{"initiatorDomains":["altibox.no","degulesider.dk","gulesider.no","krak.dk"],"requestDomains":["cookieinformation.com"]},"id":569,"priority":30},
{"action":{"type":"allow"},"condition":{"initiatorDomains":["lampegiganten.dk","lampegiganten.no"],"urlFilter":"/newsletter/newsletter_popup.gif^"},"id":570,"priority":30},
{"action":{"type":"allow"},"condition":{"initiatorDomains":["seher.no"],"urlFilter":"_prebid_"},"id":571,"priority":30},
{"action":{"type":"allow"},"condition":{"initiatorDomains":["canariajournalen.no"],"urlFilter":"/images/ads-db/right-tower/vipps-sponsor-"},"id":572,"priority":30},
{"action":{"type":"allow"},"condition":{"initiatorDomains":["fla.de"],"urlFilter":"/adnetwork/"},"id":573,"priority":30},
{"action":{"type":"allow"},"condition":{"urlFilter":"://billink*.blob.core.windows.net/*/annonser^"},"id":574,"priority":30},
{"action":{"type":"allow"},"condition":{"urlFilter":"||bluesnews.no/files/images/annonser^"},"id":575,"priority":30},
{"action":{"type":"allow"},"condition":{"urlFilter":"||lnk.no/wp-content/uploads/*/ads"},"id":576,"priority":30},
{"action":{"type":"allow"},"condition":{"urlFilter":"||marketingfabrikken.dk/page-data/google-ads/page-data.json^"},"id":577,"priority":30},
{"action":{"type":"allow"},"condition":{"initiatorDomains":["ruijan-kaiku.no"],"urlFilter":"_980x100."},"id":578,"priority":30},
{"action":{"type":"allow"},"condition":{"initiatorDomains":["tv2.dk"],"urlFilter":"://imasdk.googleapis.com/js/sdkloader/ima3.js^"},"id":579,"priority":30},
{"action":{"type":"allow"},"condition":{"initiatorDomains":["aasavis.no","amta.no","an.no","ao.no","auraavis.no","austagderblad.no","avisenagder.no","ba.no","bygdebladet.no","bygdeposten.no","dalane-tidende.no","dt.no","eikerbladet.no","enebakkavis.no","f-b.no","finnmarkdagblad.no","finnmarken.no","firda.no","firdaposten.no","fremover.no","gbnett.no","gjengangeren.no","glomdalen.no","h-avis.no","ha-halden.no","hadeland.no","hardanger-folkeblad.no","helg.no","iharstad.no","indre.no","jarlsbergavis.no","jbl.no","kv.no","kvinnheringen.no","laagendalsposten.no","lierposten.no","lofotposten.no","lyngdalsavis.no","moss-avis.no","nidaros.no","noblad.no","nordhordland.no","nordlys.no","oa.no","oblad.no","op.no","ostlendingen.no","oyene.no","r-a.no","rablad.no","ranablad.no","rb.no","retten.no","rha.no","ringblad.no","ringsaker-blad.no","sa.no","sandeavis.no","sandnesposten.no","sb.no","smaalenene.no","sognavis.no","solabladet.no","solungavisa.no","strandbuen.no","svelviksposten.no","ta.no","tb.no","telen.no","tk.no","tvedestrandsposten.no","varingen.no","vestbyavis.no"],"urlFilter":"||fe.adstate.net/assets/common/img/web_ad^"},"id":580,"priority":30},
{"action":{"type":"allow"},"condition":{"initiatorDomains":["aasavis.no","amta.no","an.no","ao.no","auraavis.no","austagderblad.no","avisenagder.no","ba.no","bygdebladet.no","bygdeposten.no","dalane-tidende.no","dt.no","eikerbladet.no","enebakkavis.no","f-b.no","finnmarkdagblad.no","finnmarken.no","firda.no","firdaposten.no","fremover.no","gbnett.no","gjengangeren.no","glomdalen.no","h-avis.no","ha-halden.no","hadeland.no","hardanger-folkeblad.no","helg.no","iharstad.no","indre.no","jarlsbergavis.no","jbl.no","kv.no","kvinnheringen.no","laagendalsposten.no","lierposten.no","lofotposten.no","lyngdalsavis.no","moss-avis.no","nidaros.no","noblad.no","nordhordland.no","nordlys.no","oa.no","oblad.no","op.no","ostlendingen.no","oyene.no","r-a.no","rablad.no","ranablad.no","rb.no","retten.no","rha.no","ringblad.no","ringsaker-blad.no","sa.no","sandeavis.no","sandnesposten.no","sb.no","smaalenene.no","sognavis.no","solabladet.no","solungavisa.no","strandbuen.no","svelviksposten.no","ta.no","tb.no","telen.no","tk.no","tvedestrandsposten.no","varingen.no","vestbyavis.no"],"urlFilter":"||fe.adstate.net/stream_file.php?type=ad_preview_image"},"id":581,"priority":30},
{"action":{"type":"allow"},"condition":{"urlFilter":"||ad.amediakreativ.no/widgets/stillingskarusell^"},"id":582,"priority":30},
{"action":{"type":"allow"},"condition":{"urlFilter":"||politainment.no^*/cookieconsent.min.js"},"id":583,"priority":30},
{"action":{"type":"allow"},"condition":{"initiatorDomains":["embed.viaplay.com"],"urlFilter":"||fwmrm.net/crossdomain.xml"},"id":584,"priority":30},
{"action":{"type":"allow"},"condition":{"urlFilter":"||sumo.cdn.tv2.no/ads^"},"id":585,"priority":30},
{"action":{"type":"allow"},"condition":{"urlFilter":".v.fwmrm.net/ad/g^*:mtg_play_"},"id":586,"priority":30},
{"action":{"type":"allow"},"condition":{"urlFilter":"||borsen.dk/themes/borsen.dk/js/dfp.js"},"id":587,"priority":30},
{"action":{"type":"allow"},"condition":{"urlFilter":"||bt.dk/build/prebid-ads-advertisement_adbanner.*.js"},"id":588,"priority":30},
{"action":{"type":"allow"},"condition":{"initiatorDomains":["nettavisen.no"],"urlFilter":"||cdn.flowplayer.com/releases/native/stable/plugins/ads.min.js"},"id":589,"priority":30},
{"action":{"type":"allow"},"condition":{"urlFilter":"||cdn.maskinbladet.dk/*assets/templates/*/img/adblocker/ads.png"},"id":590,"priority":30},
{"action":{"type":"allow"},"condition":{"initiatorDomains":["vegetarbloggen.no"],"urlFilter":"||googletagservices.com/tag/js/gpt.js"},"id":591,"priority":30},
{"action":{"type":"allow"},"condition":{"initiatorDomains":["nettavisen.no"],"urlFilter":"||imasdk.googleapis.com/js/sdkloader/ima3.js"},"id":592,"priority":30},
{"action":{"type":"allow"},"condition":{"initiatorDomains":["vegetarbloggen.no"],"urlFilter":"||securepubads.g.doubleclick.net/gpt/pubads_impl_*.js"},"id":593,"priority":30},
{"action":{"type":"allow"},"condition":{"initiatorDomains":["bold.dk"],"urlFilter":"||v.fwmrm.net/ad/g/1"},"id":594,"priority":30},
{"action":{"type":"allow"},"condition":{"initiatorDomains":["bold.dk"],"urlFilter":"||v.fwmrm.net/ad/l/1"},"id":595,"priority":30},
{"action":{"type":"allow"},"condition":{"initiatorDomains":["bold.dk"],"urlFilter":"||v.fwmrm.net/crossdomain.xml"},"id":596,"priority":30},
{"action":{"type":"allow"},"condition":{"requestDomains":["oddstips.norsktippingpartner.no"]},"id":597,"priority":30},
{"action":{"type":"allow"},"condition":{"resourceTypes":["image"],"urlFilter":"||siglo.is/static/strevda/*upphafssida"},"id":598,"priority":30},
{"action":{"type":"allow"},"condition":{"initiatorDomains":["aasavis.no","amta.no","an.no","ao.no","auraavis.no","austagderblad.no","avisenagder.no","ba.no","bygdebladet.no","bygdeposten.no","dalane-tidende.no","dt.no","eikerbladet.no","enebakkavis.no","f-b.no","finnmarkdagblad.no","finnmarken.no","firda.no","firdaposten.no","fremover.no","gbnett.no","gjengangeren.no","glomdalen.no","h-avis.no","ha-halden.no","hadeland.no","hardanger-folkeblad.no","helg.no","iharstad.no","indre.no","jarlsbergavis.no","jbl.no","kv.no","kvinnheringen.no","laagendalsposten.no","lierposten.no","lofotposten.no","lyngdalsavis.no","moss-avis.no","nidaros.no","noblad.no","nordhordland.no","nordlys.no","oa.no","oblad.no","op.no","ostlendingen.no","oyene.no","r-a.no","rablad.no","ranablad.no","rb.no","retten.no","rha.no","ringblad.no","ringsaker-blad.no","sa.no","sandeavis.no","sandnesposten.no","sb.no","smaalenene.no","sognavis.no","solabladet.no","solungavisa.no","strandbuen.no","svelviksposten.no","ta.no","tb.no","telen.no","tk.no","tvedestrandsposten.no","varingen.no","vestbyavis.no"],"resourceTypes":["image"],"urlFilter":"||easy-ads.com/subscriber^"},"id":599,"priority":30},
{"action":{"type":"allow"},"condition":{"initiatorDomains":["agrar-plus.dk","dagensbyggeri.dk","fritidsmarkedet.dk","gronteknik.dk","maskinbladet.dk","maskinteknik.dk"],"resourceTypes":["image"],"urlFilter":".dk/assets/templates/*/ads.png^"},"id":600,"priority":30},
{"action":{"type":"allow"},"condition":{"initiatorDomains":["aasavis.no","amta.no","an.no","ao.no","auraavis.no","austagderblad.no","avisenagder.no","ba.no","bygdebladet.no","bygdeposten.no","dalane-tidende.no","dt.no","eikerbladet.no","enebakkavis.no","f-b.no","finnmarkdagblad.no","finnmarken.no","firda.no","firdaposten.no","fremover.no","gbnett.no","gjengangeren.no","glomdalen.no","h-avis.no","ha-halden.no","hadeland.no","hardanger-folkeblad.no","helg.no","iharstad.no","indre.no","jarlsbergavis.no","jbl.no","kv.no","kvinnheringen.no","laagendalsposten.no","lierposten.no","lofotposten.no","lyngdalsavis.no","moss-avis.no","nidaros.no","noblad.no","nordhordland.no","nordlys.no","oa.no","oblad.no","op.no","ostlendingen.no","oyene.no","r-a.no","rablad.no","ranablad.no","rb.no","retten.no","rha.no","ringblad.no","ringsaker-blad.no","sa.no","sandeavis.no","sandnesposten.no","sb.no","smaalenene.no","sognavis.no","solabladet.no","solungavisa.no","strandbuen.no","svelviksposten.no","ta.no","tb.no","telen.no","tk.no","tvedestrandsposten.no","varingen.no","vestbyavis.no"],"resourceTypes":["script"],"urlFilter":"||cdn.easy-ads.com/js/swipemod.js^"},"id":601,"priority":30},
{"action":{"type":"allow"},"condition":{"initiatorDomains":["ekstrabladet.dk"],"resourceTypes":["script"],"urlFilter":"||dialogue.sp-prod.net/messagingwithoutdetection.js"},"id":602,"priority":30},
{"action":{"type":"allow"},"condition":{"resourceTypes":["xmlhttprequest"],"urlFilter":".no/api/tekjobb|"},"id":603,"priority":30},
{"action":{"type":"allow"},"condition":{"initiatorDomains":["ekstrabladet.dk"],"requestDomains":["notice.sp-prod.net"],"resourceTypes":["sub_frame"]},"id":604,"priority":30},
{"action":{"type":"allow"},"condition":{"resourceTypes":["main_frame"],"urlFilter":".isdownorblocked.com^"},"id":605,"priority":30},
{"action":{"type":"allow"},"condition":{"domainType":"firstParty","requestDomains":["ask.antalis.no","bestill.help.no"]},"id":606,"priority":30},
{"action":{"type":"allow"},"condition":{"domainType":"firstParty","initiatorDomains":["tvkampen.com","tvsporten.dk"],"urlFilter":"/js/ads.js"},"id":607,"priority":30},
{"action":{"type":"allow"},"condition":{"domainType":"firstParty","resourceTypes":["script"],"urlFilter":"||www.tv2.no/s/js/ads.js"},"id":608,"priority":30},
{"action":{"type":"allow"},"condition":{"domainType":"firstParty","resourceTypes":["xmlhttprequest"],"urlFilter":"||glow.posten.no/api/tracking/"},"id":609,"priority":30},
{"action":{"type":"allow"},"condition":{"domainType":"firstParty","resourceTypes":["xmlhttprequest"],"urlFilter":"||tv2.no/*/config/analytics.json"},"id":610,"priority":30},
{"action":{"type":"allow"},"condition":{"domainType":"firstParty","resourceTypes":["xmlhttprequest"],"urlFilter":"||cmp.ekstrabladet.dk/get_site_data"},"id":611,"priority":30},
{"action":{"type":"allow"},"condition":{"domainType":"thirdParty","initiatorDomains":["itavisen.no"],"requestDomains":["sixscissors.com"]},"id":612,"priority":30},
{"action":{"type":"block"},"condition":{"urlFilter":"||tvsporten.dk/media/tvchannels/100x60_logo.png^"},"id":613,"priority":10},
{"action":{"type":"block"},"condition":{"domainType":"thirdParty","requestDomains":["admob.dk","admob.no","adnordics.com","adserver.xh.no","adservice.com","adservicemedia.dk","betterbanners.org","bytelab.dk","cluster.chart.dk","cncpt.dk","collector.schibsted.io","delivered-by-madington.com","dotbanner.dk","easy-ad.no","easy-ads.dk","gcp.passendo.com","heartbeat.airserve.net","images.passendo.com","kunde.apt.no","kynning.olis.is","nichehuset.dk","openad.visir.is","plausible.webfokus.no","pliing.com","psscdn.com","samfilm.codelab.is","sannsyn.com","spania.no","static.airserve.net","step.dk","tankeogteknikk.no","vefbordi.is","videotool.fbg.dk","widget.tippebannere.no"]},"id":614,"priority":10},
{"action":{"type":"block"},"condition":{"resourceTypes":["sub_frame"],"urlFilter":"||ukenr.no/bobs/iframe.php^"},"id":615,"priority":10},
{"action":{"type":"block"},"condition":{"resourceTypes":["sub_frame"],"urlFilter":"||ugenr.dk/bobs/iframe.php^"},"id":616,"priority":10},
{"action":{"type":"block"},"condition":{"urlFilter":"||cdplanet.no/images/previews/*_app_preview.png^"},"id":617,"priority":10},
{"action":{"type":"block"},"condition":{"initiatorDomains":["ekstrabladet-dk.translate.goog","ekstrabladet.dk"],"urlFilter":"||v.fwmrm.net/ad/g/"},"id":621,"priority":40},
{"action":{"type":"block"},"condition":{"resourceTypes":["image"],"urlFilter":"||xn--bredbnd-ixa.dk/wp-content/*/velkommen_banner"},"id":622,"priority":40},
{"action":{"type":"block"},"condition":{"initiatorDomains":["vg.no"],"resourceTypes":["script"],"urlFilter":"||acdn.adnxs.com/ast/ast.js"},"id":623,"priority":40},
{"action":{"type":"block"},"condition":{"initiatorDomains":["vg.no"],"resourceTypes":["script"],"urlFilter":"||ssl.p.jwpcdn.com^*/jwpsrv.js"},"id":624,"priority":40},
{"action":{"type":"block"},"condition":{"initiatorDomains":["vg.no"],"resourceTypes":["script"],"urlFilter":"||ssl.p.jwpcdn.com^*/vast.js"},"id":625,"priority":40},
{"action":{"type":"allow"},"condition":{"initiatorDomains":["discoveryplus.com"],"urlFilter":"||mparticle.com^*/login"},"id":626,"priority":30}
]
