[
{"action":{"redirect":{"extensionPath":"/web_accessible_resources/noop.js"},"type":"redirect"},"condition":{"resourceTypes":["script"],"urlFilter":"||go.onclasrv.com/apu.php"},"id":1,"priority":11},
{"action":{"redirect":{"extensionPath":"/web_accessible_resources/noop.js"},"type":"redirect"},"condition":{"resourceTypes":["script"],"urlFilter":"||aoredi.com/apu.php?"},"id":2,"priority":11},
{"action":{"redirect":{"extensionPath":"/web_accessible_resources/nofab.js"},"type":"redirect"},"condition":{"initiatorDomains":["gorlice.in","limanowa.in","sacz.in"],"resourceTypes":["script"],"urlFilter":"/js/adblock.js"},"id":3,"priority":11},
{"action":{"redirect":{"extensionPath":"/web_accessible_resources/noop.js"},"type":"redirect"},"condition":{"resourceTypes":["script"],"urlFilter":"||s-pt.ppstatic.pl/*/reklama.js"},"id":4,"priority":11},
{"action":{"redirect":{"extensionPath":"/web_accessible_resources/noop.js"},"type":"redirect"},"condition":{"initiatorDomains":["pilot.wp.pl"],"resourceTypes":["script"],"urlFilter":"||wp.hit.gemius.pl/gdejs/xgde.js"},"id":5,"priority":11},
{"action":{"redirect":{"extensionPath":"/web_accessible_resources/noop.js"},"type":"redirect"},"condition":{"initiatorDomains":["ps3-hack.pl"],"resourceTypes":["script"],"urlFilter":"||pagead2.googlesyndication.com/pagead/js/adsbygoogle.js"},"id":6,"priority":11},
{"action":{"redirect":{"extensionPath":"/web_accessible_resources/noop.js"},"type":"redirect"},"condition":{"initiatorDomains":["nk-net.pl","www.gry.pl"],"resourceTypes":["script"],"urlFilter":"||pagead2.googlesyndication.com/pagead/show_ads.js"},"id":7,"priority":11},
{"action":{"redirect":{"extensionPath":"/web_accessible_resources/noop.js"},"type":"redirect"},"condition":{"initiatorDomains":["popkulturysci.pl"],"requestDomains":["pagead2.googlesyndication.com"],"resourceTypes":["script"]},"id":8,"priority":11},
{"action":{"redirect":{"extensionPath":"/web_accessible_resources/googlesyndication_adsbygoogle.js"},"type":"redirect"},"condition":{"initiatorDomains":["darmowa-tv.ws"],"requestDomains":["googlesyndication.com"],"resourceTypes":["script"]},"id":9,"priority":11},
{"action":{"redirect":{"extensionPath":"/web_accessible_resources/noop.txt"},"type":"redirect"},"condition":{"initiatorDomains":["epidemia-koronawirus.pl"],"resourceTypes":["script","xmlhttprequest"],"urlFilter":"/js/adsbygoogle.js"},"id":10,"priority":11},
{"action":{"redirect":{"extensionPath":"/web_accessible_resources/noop.txt"},"type":"redirect"},"condition":{"initiatorDomains":["epidemia-koronawirus.pl"],"resourceTypes":["script","xmlhttprequest"],"urlFilter":"||googleads.g.doubleclick.net/pagead/id"},"id":11,"priority":11},
{"action":{"redirect":{"extensionPath":"/web_accessible_resources/googlesyndication_adsbygoogle.js"},"type":"redirect"},"condition":{"initiatorDomains":["soisk.pl"],"resourceTypes":["script"],"urlFilter":"||pagead2.googlesyndication.com/pagead/js/adsbygoogle.js"},"id":12,"priority":11},
{"action":{"redirect":{"extensionPath":"/web_accessible_resources/noop.js"},"type":"redirect"},"condition":{"initiatorDomains":["eu","pl"],"resourceTypes":["script"],"urlFilter":"||ppstatic.pl/assets/nsk/*/js/compiled/atoms/ads/branding-video.js"},"id":13,"priority":11},
{"action":{"redirect":{"extensionPath":"/web_accessible_resources/noop.js"},"type":"redirect"},"condition":{"initiatorDomains":["loomi.tv"],"resourceTypes":["script"],"urlFilter":"||imasdk.googleapis.com/js/sdkloader/ima3.js"},"id":14,"priority":11},
{"action":{"redirect":{"extensionPath":"/web_accessible_resources/noop.js"},"type":"redirect"},"condition":{"initiatorDomains":["twojahistoria.pl"],"resourceTypes":["xmlhttprequest"],"urlFilter":"||pagead2.googlesyndication.com/pagead/js/adsbygoogle.js"},"id":15,"priority":11},
{"action":{"redirect":{"extensionPath":"/web_accessible_resources/noop.txt"},"type":"redirect"},"condition":{"initiatorDomains":["popkulturysci.pl"],"requestDomains":["pagead2.googlesyndication.com"],"resourceTypes":["xmlhttprequest"]},"id":16,"priority":11},
{"action":{"redirect":{"extensionPath":"/web_accessible_resources/noop.txt"},"type":"redirect"},"condition":{"initiatorDomains":["zobacz.ws"],"resourceTypes":["xmlhttprequest"],"urlFilter":"||pagead2.googlesyndication.com/pagead/js/adsbygoogle.js"},"id":17,"priority":11},
{"action":{"redirect":{"extensionPath":"/web_accessible_resources/noop-0.1s.mp3"},"type":"redirect"},"condition":{"initiatorDomains":["tkchopin.pl"],"resourceTypes":["media"],"urlFilter":"||tkchopin.pl/cams/video_file/"},"id":18,"priority":11},
{"action":{"redirect":{"extensionPath":"/web_accessible_resources/noop-0.1s.mp3"},"type":"redirect"},"condition":{"resourceTypes":["media"],"urlFilter":"||adv.wp.pl/rm/box/*.mp4"},"id":19,"priority":11},
{"action":{"redirect":{"extensionPath":"/web_accessible_resources/noop-0.1s.mp3"},"type":"redirect"},"condition":{"excludedInitiatorDomains":["www.wp.pl"],"initiatorDomains":["autokult.pl","dobreprogramy.pl","echirurgia.pl","fotoblogia.pl","gadzetomania.pl","jejswiat.pl","kafeteria.pl","komorkomania.pl","medycyna24.pl","money.pl","o2.pl","parenting.pl","portal.abczdrowie.pl","pudelek.pl","wp.pl"],"resourceTypes":["media"],"urlFilter":"||v.wpimg.pl/"},"id":20,"priority":11},
{"action":{"redirect":{"extensionPath":"/web_accessible_resources/noop-0.1s.mp3"},"type":"redirect"},"condition":{"resourceTypes":["media"],"urlFilter":"||webcamera.pl/videointro/filead*.mp4"},"id":21,"priority":11},
{"action":{"redirect":{"extensionPath":"/web_accessible_resources/noop-0.1s.mp3"},"type":"redirect"},"condition":{"initiatorDomains":["twojapogoda.pl"],"resourceTypes":["media"],"urlFilter":"||ipla-*-*.pluscdn.pl/p/r/*/"},"id":22,"priority":11},
{"action":{"redirect":{"extensionPath":"/web_accessible_resources/noop-0.1s.mp3"},"type":"redirect"},"condition":{"initiatorDomains":["telewizjattm.pl"],"resourceTypes":["media"],"urlFilter":"||telewizjattm.pl/wioslo/*.mp4"},"id":23,"priority":11},
{"action":{"redirect":{"extensionPath":"/web_accessible_resources/noop-1s.mp4"},"type":"redirect"},"condition":{"initiatorDomains":["polsatnews.pl","polsatsport.pl"],"resourceTypes":["media"],"urlFilter":"||redirector.redefine.pl/r/"},"id":24,"priority":11},
{"action":{"redirect":{"extensionPath":"/web_accessible_resources/noop-1s.mp4"},"type":"redirect"},"condition":{"initiatorDomains":["www.tvn.pl"],"resourceTypes":["media"],"urlFilter":"||redcdn.pl/*-adserver/"},"id":25,"priority":11},
{"action":{"redirect":{"extensionPath":"/web_accessible_resources/noop.js"},"type":"redirect"},"condition":{"domainType":"firstParty","resourceTypes":["script"],"urlFilter":"||olx.pl^*/advertising.js"},"id":26,"priority":11},
{"action":{"redirect":{"extensionPath":"/web_accessible_resources/click2load.html"},"type":"redirect"},"condition":{"domainType":"thirdParty","initiatorDomains":["orionblues.pinger.pl"],"regexFilter":"^https:\\/\\/(www\\.)?youtube(-nocookie)?\\.com\\/embed\\/","resourceTypes":["object","sub_frame"]},"id":27,"priority":11},
{"action":{"redirect":{"extensionPath":"/web_accessible_resources/1x1.gif"},"type":"redirect"},"condition":{"initiatorDomains":["open.fm"],"requestDomains":["doubleclick.net"],"resourceTypes":["image"]},"id":28,"priority":11},
{"action":{"redirect":{"extensionPath":"/web_accessible_resources/noop.js"},"type":"redirect"},"condition":{"initiatorDomains":["open.fm"],"requestDomains":["criteo.net"],"resourceTypes":["script"]},"id":29,"priority":11}
]
