[
{
 "action": {
  "redirect": {
   "extensionPath": "/web_accessible_resources/1x1.gif"
  },
  "type": "redirect"
 },
 "condition": {
  "initiatorDomains": [
   "shopee.co.th"
  ],
  "resourceTypes": [
   "xmlhttprequest"
  ],
  "urlFilter": "||shopee.co.th/__t__"
 },
 "id": 1,
 "priority": 11
},
{
 "action": {
  "redirect": {
   "extensionPath": "/web_accessible_resources/1x1.gif"
  },
  "type": "redirect"
 },
 "condition": {
  "initiatorDomains": [
   "shopee.co.th"
  ],
  "requestDomains": [
   "tracking.shopee.co.th"
  ],
  "resourceTypes": [
   "xmlhttprequest"
  ]
 },
 "id": 2,
 "priority": 11
},
{
 "action": {
  "redirect": {
   "extensionPath": "/web_accessible_resources/noop-1s.mp4"
  },
  "type": "redirect"
 },
 "condition": {
  "initiatorDomains": [
   "thmovieshd.com"
  ],
  "resourceTypes": [
   "media"
  ],
  "urlFilter": "||b-cdn.net/ssd1/ads/*.mp4"
 },
 "id": 3,
 "priority": 11
},
{
 "action": {
  "redirect": {
   "extensionPath": "/web_accessible_resources/noop-0.1s.mp3"
  },
  "type": "redirect"
 },
 "condition": {
  "domainType": "thirdParty",
  "initiatorDomains": [
   "hdd.moviefun24.com"
  ],
  "resourceTypes": [
   "media"
  ]
 },
 "id": 4,
 "priority": 11
}
]
