[
{"action":{"responseHeaders":[{"header":"content-security-policy","operation":"append","value":"worker-src 'none';"}],"type":"modifyHeaders"},"condition":{"resourceTypes":["main_frame","sub_frame"],"urlFilter":"||steamplay."},"id":1},
{"action":{"responseHeaders":[{"header":"content-security-policy","operation":"append","value":"sandbox allow-forms allow-same-origin allow-scripts allow-modals allow-orientation-lock allow-pointer-lock allow-presentation allow-top-navigation"}],"type":"modifyHeaders"},"condition":{"requestDomains":["3dmili.com","cloudgallery.net","file-upload.com","hesgoal.watch","lnk.news","lnk.parts","moviehaxx.pro","policiesreview.com","rule34.top","telepisodes.org","torrentgalaxy-official.com","tpi.li","turbovid.xyz","watchx.top","wootly.ch","yusepjaelani.blogspot.com"],"resourceTypes":["main_frame","sub_frame"]},"id":2},
{"action":{"responseHeaders":[{"header":"content-security-policy","operation":"append","value":"frame-src"}],"type":"modifyHeaders"},"condition":{"resourceTypes":["main_frame","sub_frame"],"urlFilter":"||pornid."},"id":3},
{"action":{"responseHeaders":[{"header":"content-security-policy","operation":"append","value":"sandbox allow-downloads allow-forms allow-modals allow-same-origin allow-scripts"}],"type":"modifyHeaders"},"condition":{"excludedRequestDomains":["buymeacoffee.com","cbox.ws","chatango.com","cloudflare.com","d21.team","dailymotion.com","discord.com","disqus.com","edgecastcdn.net","embed.su","emturbovid.com","facebook.com","hcaptcha.com","ko-fi.com","nontongo.win","ok.ru","ply4.com","recaptcha.net","sport-tv-guide.live","strcdn.org","streambucket.net","topembed.pw","twitter.com","vixcloud.co","youtu.be","youtube-nocookie.com","youtube.com"],"initiatorDomains":["456movie.com","animefever.cc","animeunity.to","broflix.cc","cinemadeck.com","dailypudding.com","detodopeliculas.nu","freeshot.live","hydrahd.cc","kaas.ro","kipflix.vercel.app","netplayz.ru","novafork.com","phimmoifhd.com","primeflix-web.vercel.app","seriescultes.store","soccerinhd.com","visualnewshub.com","xsportbox.com"],"resourceTypes":["sub_frame"]},"id":4},
{"action":{"responseHeaders":[{"header":"set-cookie","operation":"remove"}],"type":"modifyHeaders"},"condition":{"initiatorDomains":["streamin.me"],"resourceTypes":["main_frame","sub_frame"]},"id":5},
{"action":{"responseHeaders":[{"header":"content-security-policy","operation":"append","value":"script-src * 'unsafe-inline'"}],"type":"modifyHeaders"},"condition":{"requestDomains":["cloudgallery.net","filmovi.ws"],"resourceTypes":["main_frame","sub_frame"]},"id":6},
{"action":{"responseHeaders":[{"header":"content-security-policy","operation":"append","value":"worker-src 'none'"}],"type":"modifyHeaders"},"condition":{"requestDomains":["cbsnews.com","community.ipinfo.io","hdvid.tv","inside-out.xyz","potomy.ru","qtoptens.com","sickrage.ca","sorteosrd.com","void.cat"],"resourceTypes":["main_frame","sub_frame"]},"id":7},
{"action":{"responseHeaders":[{"header":"content-security-policy","operation":"append","value":"worker-src 'none'"}],"type":"modifyHeaders"},"condition":{"initiatorDomains":["alltube.pl","alltube.tv","centrum-dramy.pl","coinfaucet.eu","crictime.com","crictime.is","doodcdn.com","flashx.pw","gomo.to","hdvid.fun","hdvid.tv","hitomi.la","lewd.ninja","megapastes.com","milujivareni.cz","nflbite.com","pirateproxy.live","plytv.me","potomy.ru","powvideo.cc","powvideo.net","putlocker.to","reactor.cc","rojadirecta.direct","sickrage.ca","streamtape.com","thehiddenbay.com","thepiratebay.org","thepiratebay10.org","torlock.com","tpb.party","unblocktheship.org","uptomega.me","ustream.to","vidoza.co","vidoza.net","wearesaudis.net","yazilir.com"],"resourceTypes":["main_frame","sub_frame"]},"id":8},
{"action":{"responseHeaders":[{"header":"content-security-policy","operation":"append","value":"sandbox allow-forms allow-same-origin allow-scripts allow-modals allow-orientation-lock allow-pointer-lock allow-presentation allow-top-navigation"},{"header":"content-security-policy","operation":"append","value":"script-src * 'unsafe-inline'"}],"type":"modifyHeaders"},"condition":{"resourceTypes":["main_frame","sub_frame"],"urlFilter":"||imgzong."},"id":9},
{"action":{"responseHeaders":[{"header":"content-security-policy","operation":"append","value":"script-src 'self'"}],"type":"modifyHeaders"},"condition":{"requestDomains":["linkspop.xyz","toonnetworkindia.net"],"resourceTypes":["main_frame","sub_frame"]},"id":10},
{"action":{"responseHeaders":[{"header":"content-security-policy","operation":"append","value":"script-src * 'unsafe-inline'"}],"type":"modifyHeaders"},"condition":{"resourceTypes":["main_frame","sub_frame"],"urlFilter":"||xtits."},"id":11},
{"action":{"responseHeaders":[{"header":"content-security-policy","operation":"append","value":"default-src 'self' *.favicon.cc *.google.com *.gstatic.com *.googleapis.com"}],"type":"modifyHeaders"},"condition":{"resourceTypes":["main_frame","sub_frame"],"urlFilter":"||shortlinkto."},"id":12},
{"action":{"responseHeaders":[{"header":"content-security-policy","operation":"append","value":"default-src 'self' *.favicon.cc *.google.com *.gstatic.com *.googleapis.com"}],"type":"modifyHeaders"},"condition":{"resourceTypes":["main_frame","sub_frame"],"urlFilter":"||uptobhai."},"id":13},
{"action":{"responseHeaders":[{"header":"content-security-policy","operation":"append","value":"default-src 'self'"}],"type":"modifyHeaders"},"condition":{"resourceTypes":["main_frame","sub_frame"],"urlFilter":"||coolmoviez."},"id":14},
{"action":{"responseHeaders":[{"header":"permissions-policy","operation":"append","value":"compute-pressure=()"},{"header":"permissions-policy","operation":"append","value":"idle-detection=()"},{"header":"permissions-policy","operation":"append","value":"keyboard-map=()"},{"header":"permissions-policy","operation":"append","value":"attribution-reporting=()"},{"header":"permissions-policy","operation":"append","value":"private-aggregation=()"},{"header":"permissions-policy","operation":"append","value":"private-state-token-issuance=()"},{"header":"permissions-policy","operation":"append","value":"private-state-token-redemption=()"},{"header":"permissions-policy","operation":"append","value":"join-ad-interest-group=()"},{"header":"permissions-policy","operation":"append","value":"run-ad-auction=()"},{"header":"permissions-policy","operation":"append","value":"browsing-topics=()"}],"type":"modifyHeaders"},"condition":{"excludedInitiatorDomains":["0.0.0.0","127.0.0.1","[::1]","[::]","local","localhost"],"excludedRequestDomains":["0.0.0.0","127.0.0.1","[::1]","[::]","local","localhost"],"resourceTypes":["main_frame","sub_frame"]},"id":15},
{"action":{"responseHeaders":[{"header":"content-security-policy","operation":"append","value":"default-src 'unsafe-inline' 'self' *.gstatic.com *.googleapis.com *.jquery.com"}],"type":"modifyHeaders"},"condition":{"resourceTypes":["main_frame","sub_frame"],"urlFilter":"||tirexo."},"id":16},
{"action":{"responseHeaders":[{"header":"content-security-policy","operation":"append","value":"worker-src 'none';"}],"type":"modifyHeaders"},"condition":{"resourceTypes":["main_frame","sub_frame"],"urlFilter":"||thevideo."},"id":17},
{"action":{"responseHeaders":[{"header":"content-security-policy","operation":"append","value":"worker-src 'none'"}],"type":"modifyHeaders"},"condition":{"resourceTypes":["main_frame","sub_frame"],"urlFilter":"||dragonballzpolo."},"id":18},
{"action":{"responseHeaders":[{"header":"content-security-policy","operation":"append","value":"worker-src 'none';"},{"header":"content-security-policy","operation":"append","value":"connect-src 'none';"}],"type":"modifyHeaders"},"condition":{"resourceTypes":["main_frame","sub_frame"],"urlFilter":"||firstonetv."},"id":19},
{"action":{"responseHeaders":[{"header":"content-security-policy","operation":"append","value":"worker-src 'none';"}],"type":"modifyHeaders"},"condition":{"resourceTypes":["main_frame","sub_frame"],"urlFilter":"||firstone."},"id":20},
{"action":{"responseHeaders":[{"header":"content-security-policy","operation":"append","value":"script-src"}],"type":"modifyHeaders"},"condition":{"resourceTypes":["main_frame"],"urlFilter":"||cdn.hostdl.com/goto/soft98^"},"id":21},
{"action":{"responseHeaders":[{"header":"content-security-policy","operation":"append","value":"script-src"}],"type":"modifyHeaders"},"condition":{"resourceTypes":["main_frame"],"urlFilter":"||iranicard.ir/payments/shopping/amazon/?utm_medium=banner^"},"id":22},
{"action":{"responseHeaders":[{"header":"content-security-policy","operation":"append","value":"script-src"}],"type":"modifyHeaders"},"condition":{"resourceTypes":["main_frame"],"urlFilter":"||faradars.org/explore?orderby=views&*&utm_medium=banner-kaprila^"},"id":23},
{"action":{"responseHeaders":[{"header":"content-security-policy","operation":"append","value":"script-src"}],"type":"modifyHeaders"},"condition":{"resourceTypes":["main_frame"],"urlFilter":"||cxchief.com/fa/?utm_medium=adv^"},"id":24},
{"action":{"responseHeaders":[{"header":"content-security-policy","operation":"append","value":"script-src"}],"type":"modifyHeaders"},"condition":{"resourceTypes":["main_frame"],"urlFilter":"||smostafa.ir/?utm_source=footer^"},"id":25},
{"action":{"responseHeaders":[{"header":"content-security-policy","operation":"append","value":"script-src 'self' *.googleapis.com *.bootstrapcdn.com"}],"type":"modifyHeaders"},"condition":{"requestDomains":["back.footybite.com"],"resourceTypes":["main_frame","sub_frame"]},"id":26},
{"action":{"responseHeaders":[{"header":"content-security-policy","operation":"append","value":"script-src 'self' *.googleapis.com *.bootstrapcdn.com *.google.com *.gstatic.com"}],"type":"modifyHeaders"},"condition":{"requestDomains":["howblogs.xyz"],"resourceTypes":["main_frame","sub_frame"]},"id":27},
{"action":{"responseHeaders":[{"header":"content-security-policy","operation":"append","value":"script-src 'self' 'unsafe-eval' *.google.com"}],"type":"modifyHeaders"},"condition":{"requestDomains":["hdmp4mania2.com","o2tvseries.com","tvshows4mobile.org"],"resourceTypes":["main_frame","sub_frame"]},"id":28},
{"action":{"responseHeaders":[{"header":"location","operation":"remove"}],"type":"modifyHeaders"},"condition":{"initiatorDomains":["cdn.hostdl.com","eturbonews.com","hentai.tv","tyfloswiat.pl","viserve.com","xxxxsx.com"],"resourceTypes":["main_frame","sub_frame"]},"id":29},
{"action":{"responseHeaders":[{"header":"content-security-policy","operation":"append","value":"script-src 'self' '*' 'unsafe-inline'"}],"type":"modifyHeaders"},"condition":{"requestDomains":["convertfiles.com"],"resourceTypes":["main_frame","sub_frame"]},"id":30},
{"action":{"responseHeaders":[{"header":"content-security-policy","operation":"append","value":"script-src-attr 'none'"}],"type":"modifyHeaders"},"condition":{"requestDomains":["badmouth1.com","freemcserver.net","m.economictimes.com","ondemandkorea.com"],"resourceTypes":["main_frame"]},"id":31},
{"action":{"responseHeaders":[{"header":"content-security-policy","operation":"append","value":"script-src 'self' 'unsafe-inline' 'unsafe-eval' data: *.cloudflare.com *.google.com *.addthis.com *.addthisedge.com *.facebook.net *.twitter.com *.jquery.com *.x.com"}],"type":"modifyHeaders"},"condition":{"domainType":"firstParty","initiatorDomains":["kinos.to","kinox.am","kinox.click","kinox.cloud","kinox.club","kinox.digital","kinox.direct","kinox.express","kinox.fun","kinox.fyi","kinox.gratis","kinox.io","kinox.lat","kinox.lol","kinox.me","kinox.mobi","kinox.pub","kinox.sh","kinox.to","kinox.tube","kinox.tv","kinox.wtf","kinoz.to"],"resourceTypes":["main_frame","sub_frame"]},"id":32},
{"action":{"responseHeaders":[{"header":"content-security-policy","operation":"append","value":"script-src 'self' data: 'unsafe-inline' 'unsafe-hashes' 'unsafe-eval'"}],"type":"modifyHeaders"},"condition":{"domainType":"firstParty","initiatorDomains":["gayforfans.com"],"resourceTypes":["main_frame","sub_frame"]},"id":33},
{"action":{"responseHeaders":[{"header":"content-security-policy","operation":"append","value":"script-src * 'unsafe-inline' 'wasm-unsafe-eval' data: blob: mediastream: filesystem:"}],"type":"modifyHeaders"},"condition":{"requestDomains":["franchiseplus.nl","trybawaryjny.pl"],"resourceTypes":["main_frame","sub_frame"]},"id":34},
{"action":{"responseHeaders":[{"header":"content-security-policy","operation":"append","value":"script-src 'self' data: 'unsafe-inline' 'unsafe-hashes' 'unsafe-eval' pic1.mangapicgallery.com www.google.com"}],"type":"modifyHeaders"},"condition":{"initiatorDomains":["mangago.me"],"resourceTypes":["main_frame","sub_frame"]},"id":35},
{"action":{"responseHeaders":[{"header":"content-security-policy","operation":"append","value":"script-src 'self' *.googleapis.com google.com gstatic.com"}],"type":"modifyHeaders"},"condition":{"requestDomains":["linkupload.pro"],"resourceTypes":["main_frame","sub_frame"]},"id":36},
{"action":{"responseHeaders":[{"header":"content-security-policy","operation":"append","value":"worker-src 'none'"}],"type":"modifyHeaders"},"condition":{"initiatorDomains":["fullxh.com","galleryxh.site","megaxh.com","movingxh.world","seexh.com","unlockxh4.com","valuexh.life","xhaccess.com","xhadult2.com","xhadult3.com","xhadult4.com","xhadult5.com","xhamster46.com","xhamsterporno.mx","xhbig.com","xhbranch5.com","xhchannel.com","xhdate.world","xhday.com","xhday1.com","xhlease.world","xhmoon5.com","xhofficial.com","xhopen.com","xhplanet1.com","xhplanet2.com","xhreal2.com","xhreal3.com","xhspot.com","xhtotal.com","xhtree.com","xhvictory.com","xhwebsite.com","xhwebsite2.com","xhwebsite5.com","xhwide1.com","xhwide2.com","xhwide5.com"],"resourceTypes":["main_frame"]},"id":37},
{"action":{"responseHeaders":[{"header":"content-security-policy","operation":"append","value":"sandbox allow-same-origin allow-scripts allow-modals allow-orientation-lock allow-pointer-lock allow-presentation allow-top-navigation allow-popups"}],"type":"modifyHeaders"},"condition":{"requestDomains":["goflix.sbs"],"resourceTypes":["main_frame","sub_frame"]},"id":38},
{"action":{"responseHeaders":[{"header":"content-security-policy","operation":"append","value":"script-src 'none'"}],"type":"modifyHeaders"},"condition":{"resourceTypes":["main_frame"],"urlFilter":"||allkeyshop.com/redirection/"},"id":39},
{"action":{"responseHeaders":[{"header":"content-security-policy","operation":"append","value":"worker-src blob:"}],"type":"modifyHeaders"},"condition":{"resourceTypes":["main_frame"],"urlFilter":"||streamingcommunity."},"id":40},
{"action":{"responseHeaders":[{"header":"content-security-policy","operation":"append","value":"script-src 'self' data: 'unsafe-inline' 'unsafe-hashes' 'unsafe-eval' www.gstatic.com cdn.jsdelivr.net maxcdn.bootstrapcdn.com"}],"type":"modifyHeaders"},"condition":{"initiatorDomains":["bigwarp.io"],"resourceTypes":["main_frame","sub_frame"]},"id":41},
{"action":{"responseHeaders":[{"header":"content-security-policy","operation":"append","value":"script-src 'self' 'unsafe-inline'"}],"type":"modifyHeaders"},"condition":{"requestDomains":["instant-dl.pages.dev"],"resourceTypes":["main_frame"]},"id":42},
{"action":{"responseHeaders":[{"header":"content-security-policy","operation":"append","value":"worker-src 'self'"}],"type":"modifyHeaders"},"condition":{"requestDomains":["androidpolice.com","babygaga.com","backyardboss.net","carbuzz.com","cbr.com","collider.com","dualshockers.com","footballfancast.com","footballleagueworld.co.uk","gamerant.com","givemesport.com","hardcoregamer.com","hotcars.com","howtogeek.com","makeuseof.com","moms.com","movieweb.com","pocket-lint.com","pocketnow.com","screenrant.com","simpleflying.com","thegamer.com","therichest.com","thesportster.com","thethings.com","thetravel.com","topspeed.com","xda-developers.com"],"resourceTypes":["main_frame"]},"id":43},
{"action":{"responseHeaders":[{"header":"content-security-policy","operation":"append","value":"script-src 'self' data: 'unsafe-inline' 'unsafe-hashes' 'unsafe-eval' www.gstatic.com cdn.jsdelivr.net maxcdn.bootstrapcdn.com"}],"type":"modifyHeaders"},"condition":{"requestDomains":["bigwarp.io"],"resourceTypes":["main_frame","sub_frame"]},"id":44},
{"action":{"responseHeaders":[{"header":"content-security-policy","operation":"append","value":"worker-src 'none';"}],"type":"modifyHeaders"},"condition":{"requestDomains":["feet9.com","leitor.net","revdl.com"],"resourceTypes":["main_frame","sub_frame"]},"id":15263},
{"action":{"responseHeaders":[{"header":"content-security-policy","operation":"append","value":"script-src 'self' 'unsafe-inline' 'unsafe-eval' data: https://disqus.com *.disqus.com *.google-analytics.com *.disquscdn.com"}],"type":"modifyHeaders"},"condition":{"requestDomains":["hotscope.tv"],"resourceTypes":["main_frame","sub_frame"]},"id":15264},
{"action":{"responseHeaders":[{"header":"content-security-policy","operation":"append","value":"script-src 'self' 'unsafe-inline' 'unsafe-eval' data: *.gstatic.com *.google.com *.googletagmanager.com *.recaptcha.net"}],"type":"modifyHeaders"},"condition":{"requestDomains":["uii.io"],"resourceTypes":["main_frame","sub_frame"]},"id":15265},
{"action":{"responseHeaders":[{"header":"content-security-policy","operation":"append","value":"script-src 'self' data:"}],"type":"modifyHeaders"},"condition":{"requestDomains":["xxxwebdlxxx.org"],"resourceTypes":["main_frame","sub_frame"]},"id":15266},
{"action":{"responseHeaders":[{"header":"content-security-policy","operation":"append","value":"child-src *.google.com *.gstatic.com *.arc.io"}],"type":"modifyHeaders"},"condition":{"requestDomains":["pradjadj.com"],"resourceTypes":["main_frame","sub_frame"]},"id":15268},
{"action":{"responseHeaders":[{"header":"content-security-policy","operation":"append","value":"script-src 'self' 'unsafe-inline' 'unsafe-eval' *.googletagservices.com *.wp.com *.air.tv *.addthis.com *.cloudflare.com *.facebook.net *.facebook.com *.gstatic.com *.youtube.com *.ytimg.com *.google.com *.googletagmanager.com *.instagram.com"}],"type":"modifyHeaders"},"condition":{"requestDomains":["goodnewsnetwork.org"],"resourceTypes":["main_frame","sub_frame"]},"id":15269},
{"action":{"responseHeaders":[{"header":"content-security-policy","operation":"append","value":"frame-src"}],"type":"modifyHeaders"},"condition":{"requestDomains":["chromeactions.com","mixesoft.com","mycinema.pro","shrink-service.it","vidia.tv"],"resourceTypes":["main_frame","sub_frame"]},"id":15270},
{"action":{"responseHeaders":[{"header":"content-security-policy","operation":"append","value":"default-src 'self' 'unsafe-inline' *.googleapis.com *.google.com *.gstatic.com *.google-analytics.com"}],"type":"modifyHeaders"},"condition":{"requestDomains":["onlineproxy.eu"],"resourceTypes":["main_frame","sub_frame"]},"id":15271},
{"action":{"responseHeaders":[{"header":"content-security-policy","operation":"append","value":"child-src *"}],"type":"modifyHeaders"},"condition":{"requestDomains":["bodysize.org","heavy-r.com","porngo.com","showbiz.cz"],"resourceTypes":["main_frame","sub_frame"]},"id":15274},
{"action":{"responseHeaders":[{"header":"content-security-policy","operation":"append","value":"script-src *"}],"type":"modifyHeaders"},"condition":{"requestDomains":["2conv.com","classicpornbest.com","flvto.biz"],"resourceTypes":["main_frame","sub_frame"]},"id":15277},
{"action":{"responseHeaders":[{"header":"content-security-policy","operation":"append","value":"script-src 'self' * 'unsafe-inline'"}],"type":"modifyHeaders"},"condition":{"requestDomains":["intercelestial.com"],"resourceTypes":["main_frame","sub_frame"]},"id":15278},
{"action":{"responseHeaders":[{"header":"content-security-policy","operation":"append","value":"connect-src https: http:"}],"type":"modifyHeaders"},"condition":{"requestDomains":["4chan.org"],"resourceTypes":["main_frame","sub_frame"]},"id":15279},
{"action":{"responseHeaders":[{"header":"content-security-policy","operation":"append","value":"default-src 'self' 'unsafe-inline' *.dropbox.com *.dropbox-dns.com *.gstatic.com *.googleapis.com *.google.com ytpp3.com *.youtube.com"}],"type":"modifyHeaders"},"condition":{"requestDomains":["mp3juices.cc"],"resourceTypes":["main_frame","sub_frame"]},"id":15282},
{"action":{"responseHeaders":[{"header":"content-security-policy","operation":"append","value":"script-src"}],"type":"modifyHeaders"},"condition":{"requestDomains":["xxxbule.com"],"resourceTypes":["main_frame","sub_frame"]},"id":15283},
{"action":{"responseHeaders":[{"header":"content-security-policy","operation":"append","value":"default-src 'unsafe-inline' 'self' data: *.ytimg.com *.facebook.com *.google.com *.gstatic.com *.youtube.com *.googleapis.com *.wp.com *.gospeljingle.com *.googletagmanager.com"}],"type":"modifyHeaders"},"condition":{"requestDomains":["gospeljingle.com"],"resourceTypes":["main_frame","sub_frame"]},"id":15284},
{"action":{"responseHeaders":[{"header":"content-security-policy","operation":"append","value":"default-src 'unsafe-inline' 'self' *.google.com *.gstatic.com *.googleapis.com *.wp.com *.googletagmanager.com *.jquery.com"}],"type":"modifyHeaders"},"condition":{"requestDomains":["krunkercentral.com"],"resourceTypes":["main_frame","sub_frame"]},"id":15285},
{"action":{"responseHeaders":[{"header":"content-security-policy","operation":"append","value":"default-src 'unsafe-inline' 'self' https://extraimage.net *.extraimage.info *.imgur.com *.wikimedia.org *.dyncdn.cc *.picturedent.org https://checkmy.pictures *.dirp.me *.googleapis.com *.gstatic.com"}],"type":"modifyHeaders"},"condition":{"requestDomains":["dirp.me"],"resourceTypes":["main_frame","sub_frame"]},"id":15286},
{"action":{"responseHeaders":[{"header":"content-security-policy","operation":"append","value":"style-src *"}],"type":"modifyHeaders"},"condition":{"requestDomains":["terafly.me","videolyrics.in"],"resourceTypes":["main_frame","sub_frame"]},"id":15289},
{"action":{"responseHeaders":[{"header":"content-security-policy","operation":"append","value":"child-src 'none';frame-src 'self' *;worker-src 'none';"}],"type":"modifyHeaders"},"condition":{"requestDomains":["fileone.tv"],"resourceTypes":["main_frame","sub_frame"]},"id":15293},
{"action":{"responseHeaders":[{"header":"content-security-policy","operation":"append","value":"script-src 'self' '*' 'unsafe-inline'"}],"type":"modifyHeaders"},"condition":{"initiatorDomains":["downloadpirate.com","linksmore.site","pirateproxy.live","thehiddenbay.com","thepiratebay10.org","ukpass.co"],"resourceTypes":["main_frame","sub_frame"]},"id":15298},
{"action":{"responseHeaders":[{"header":"content-security-policy","operation":"append","value":"script-src 'self' '*' 'unsafe-inline' *.gstatic.com *.google.com *.googleapis.com *.bootstrapcdn.com"}],"type":"modifyHeaders"},"condition":{"requestDomains":["gelbooru.com"],"resourceTypes":["main_frame","sub_frame"]},"id":15300},
{"action":{"responseHeaders":[{"header":"content-security-policy","operation":"append","value":"script-src 'self' 'unsafe-inline' https://hcaptcha.com *.hcaptcha.com"}],"type":"modifyHeaders"},"condition":{"requestDomains":["pirateiro.com"],"resourceTypes":["main_frame","sub_frame"]},"id":15301},
{"action":{"responseHeaders":[{"header":"content-security-policy","operation":"append","value":"script-src *.leadpages.net *.gstatic.com *.google.com *.googleapis.com *.playwire.com *.facebook.com *.bootstrapcdn.com"}],"type":"modifyHeaders"},"condition":{"requestDomains":["activistpost.com"],"resourceTypes":["main_frame","sub_frame"]},"id":15302},
{"action":{"responseHeaders":[{"header":"content-security-policy","operation":"append","value":"child-src 'none'; frame-src 'self' *; worker-src 'none'"}],"type":"modifyHeaders"},"condition":{"initiatorDomains":["fileone.tv","theappguruz.com"],"resourceTypes":["main_frame","sub_frame"]},"id":15303},
{"action":{"responseHeaders":[{"header":"content-security-policy","operation":"append","value":"child-src 'none'; frame-src *; worker-src 'none'"}],"type":"modifyHeaders"},"condition":{"initiatorDomains":["thepiratebay.org","vidoza.net"],"resourceTypes":["main_frame","sub_frame"]},"id":15304},
{"action":{"responseHeaders":[{"header":"content-security-policy","operation":"append","value":"script-src 'self' 'unsafe-eval' 'unsafe-inline' data: *.cloudflare.com"}],"type":"modifyHeaders"},"condition":{"requestDomains":["uppit.com"],"resourceTypes":["main_frame"]},"id":15306},
{"action":{"responseHeaders":[{"header":"refresh","operation":"remove"}],"type":"modifyHeaders"},"condition":{"initiatorDomains":["satoshi-win.xyz"],"resourceTypes":["main_frame","sub_frame"]},"id":15315}
]
